<?xml version="1.0" encoding="UTF-8"?>
<includes>
	<include name="View_504_PosterArt">
		<control type="group">
			<visible>Control.IsVisible(504)</visible>
			<include>Visible_Right</include>
			<include>OpenClose_Right</include>
			<control type="group">
				<left>70</left>
				<top>115</top>
				<width>890</width>
				<control type="label">
					<top>100</top>
					<label>$INFO[ListItem.Label]</label>
					<font>font80</font>
					<shadowcolor>text_shadow</shadowcolor>
					<visible>Skin.HasSetting(DisableClearLogo)</visible>
				</control>
				<control type="label">
					<top>100</top>
					<label>$INFO[ListItem.Label]</label>
					<font>font80_art</font>
					<shadowcolor>text_shadow</shadowcolor>
					<visible>String.IsEmpty(ListItem.Art(clearlogo))</visible>
					<visible>!Skin.HasSetting(DisableClearLogo)</visible>
				</control>
				<control type="image">
					<height>200</height>
					<aligny>bottom</aligny>
					<texture colordiffuse="FFFFFFFF">$INFO[ListItem.Art(clearlogo)]</texture>
					<aspectratio align="left">keep</aspectratio>
					<visible>!String.IsEmpty(ListItem.Art(clearlogo))</visible>
					<visible>!Skin.HasSetting(DisableClearLogo)</visible>
				</control>
				<control type="grouplist">
					<top>225</top>
					<orientation>horizontal</orientation>
					<itemgap>5</itemgap>
					<control type="image">
						<width>20</width>
						<height>20</height>
						<texture>infodialogsplus/star.png</texture>
						<visible>!String.IsEmpty(ListItem.RatingAndVotes)</visible>
					</control>
					<control type="label">
						<width>auto</width>
						<height>22</height>
						<aligny>center</aligny>
						<label>$INFO[ListItem.RatingAndVotes]  </label>
						<font>font12</font>
						<shadowcolor>text_shadow</shadowcolor>
						<visible>!String.IsEmpty(ListItem.RatingAndVotes)</visible>
					</control>
					<control type="label">
						<width>auto</width>
						<height>22</height>
						<aligny>center</aligny>
						<label>[COLOR button_focus]$LOCALIZE[515]: [/COLOR]$INFO[ListItem.Genre]</label>
						<font>font12</font>
						<shadowcolor>text_shadow</shadowcolor>
						<visible>!String.IsEmpty(ListItem.Genre)</visible>
					</control>
					<visible>!ListItem.IsCollection</visible>
				</control>
				<control type="textbox">
					<top>262</top>
					<height>195</height>
					<autoscroll time="3000" delay="7000" repeat="5000">!System.HasActiveModalDialog + Skin.HasSetting(AutoScroll)</autoscroll>
					<label>$INFO[ListItem.Plot]</label>
					<shadowcolor>text_shadow</shadowcolor>
					<visible>![ListItem.IsCollection + String.IsEmpty(ListItem.Plot)]</visible>
				</control>
				<control type="group">
					<top>252</top>
					<height>190</height>
					<visible>ListItem.IsCollection + String.IsEmpty(ListItem.Plot)</visible>
					<include content="InfoList">
						<param name="bottom" value="0" />
						<param name="sortby" value="year" />
						<param name="sortorder" value="ascending" />
						<param name="font" value="font13" />
					</include>
				</control>
			</control>
			<control type="panel" id="504">
				<onup>9000</onup>
				<onright>504</onright>
				<onleft>504</onleft>
				<ondown>5199</ondown>
				<pagecontrol>5199</pagecontrol>
				<orientation>horizontal</orientation>
				<preloaditems>2</preloaditems>
				<viewtype label="120446">icon</viewtype>
				<visible>Container.Content(movies) | Container.Content(seasons) | Container.Content(sets) | Container.Content(tvshows)</visible>
				<itemlayout width="260">
					<control type="group">
						<left>35</left>
						<top>600</top>
						<include>InfoWallMovieLayoutPosterArt</include>
					</control>
				</itemlayout>
				<focusedlayout width="260">
					<control type="group">
						<left>35</left>
						<top>600</top>
						<include content="InfoWallMovieLayoutPosterArt">
							<param name="focused" value="true" />
						</include>
					</control>
				</focusedlayout>
			</control>
		</control>
	</include>
	
	<include name="InfoWallMovieLayoutPosterArt">
		<param name="focused">false</param>
		<definition>
			<control type="group">
				<visible>String.IsEmpty(ListItem.Art(poster))</visible>
				<control type="image">
					<left>11</left>
					<top>-14</top>
					<width>268</width>
					<height>368</height>
					<texture colordiffuse="FFFFFFFF" diffuse="diffuseplus/poster_shadow.png">colors/grey.png</texture>
					<bordersize>20</bordersize>
				</control>
				<control type="image">
					<left>15</left>
					<top>-10</top>
					<width>260</width>
					<height>360</height>
					<texture diffuse="diffuseplus/poster.png">dialogs/dialog-bg-nobo.png</texture>
					<bordersize>20</bordersize>
				</control>
				<control type="image">
					<left>11</left>
					<top>-14</top>
					<width>268</width>
					<height>368</height>
					<texture colordiffuse="button_focus" diffuse="diffuseplus/poster.png">colors/grey.png</texture>
					<bordersize>20</bordersize>
					<visible>$PARAM[focused]</visible>
					<include condition="$PARAM[focused]">Animation_FocusTextureFade</include>
				</control>
				<control type="image">
					<left>15</left>
					<top>-10</top>
					<width>260</width>
					<height>360</height>
					<texture fallback="DefaultMovies.png" background="true" diffuse="diffuseplus/poster.png">$INFO[ListItem.Icon]</texture>
					<aspectratio align="$VAR[InfoListPathVar]" scalediffuse="false">scale</aspectratio>
					<bordersize>20</bordersize>
					<visible>ListItem.IsCollection | !ListItem.IsFolder</visible>
				</control>
				<control type="image">
					<left>15</left>
					<top>-10</top>
					<width>260</width>
					<height>360</height>
					<texture fallback="DefaultMovies.png" background="true" diffuse="diffuseplus/poster.png">$INFO[ListItem.Icon]</texture>
					<aspectratio align="$VAR[InfoListPathVar]" scalediffuse="false">keep</aspectratio>
					<bordersize>20</bordersize>
					<visible>!ListItem.IsCollection + ListItem.IsFolder</visible>
				</control>
				<control type="textbox">
					<left>23</left>
					<top>345</top>
					<width>243</width>
					<height>34</height>
					<align>center</align>
					<aligny>top</aligny>
					<label>$INFO[ListItem.Label]</label>
					<font>font12</font>
					<shadowcolor>text_shadow</shadowcolor>
					<visible>!$PARAM[focused]</visible>
				</control>
				<control type="textbox">
					<left>23</left>
					<top>345</top>
					<width>243</width>
					<height>34</height>
					<align>center</align>
					<aligny>top</aligny>
					<label>$INFO[ListItem.Label]</label>
					<textcolor>button_focus</textcolor>
					<font>font12</font>
					<shadowcolor>text_shadow</shadowcolor>
					<autoscroll time="2000" delay="3000" repeat="5000">$PARAM[focused]</autoscroll>
					<visible>$PARAM[focused]</visible>
				</control>
			</control>
			<control type="group">
				<visible>!String.IsEmpty(ListItem.Art(poster))</visible>
				<control type="image">
					<left>11</left>
					<top>-14</top>
					<width>268</width>
					<height>368</height>
					<texture colordiffuse="FFFFFFFF" diffuse="diffuseplus/poster_shadow.png">colors/grey.png</texture>
					<bordersize>20</bordersize>
				</control>
				<control type="image">
					<left>11</left>
					<top>-14</top>
					<width>268</width>
					<height>368</height>
					<texture colordiffuse="button_focus" diffuse="diffuseplus/poster.png">colors/grey.png</texture>
					<bordersize>20</bordersize>
					<visible>$PARAM[focused]</visible>
					<include condition="$PARAM[focused]">Animation_FocusTextureFade</include>
				</control>
				<control type="image">
					<left>15</left>
					<top>-10</top>
					<width>260</width>
					<height>360</height>
					<texture background="true" diffuse="diffuseplus/poster.png">$INFO[ListItem.Art(poster)]</texture>
					<aspectratio align="left" scalediffuse="false">scale</aspectratio><!-- 海报左对齐 -->
					<bordersize>20</bordersize>
					<visible>String.IsEqual(Skin.String(poster_align),left)</visible>
				</control>
				<control type="image">
					<left>15</left>
					<top>-10</top>
					<width>260</width>
					<height>360</height>
					<texture background="true" diffuse="diffuseplus/poster.png">$INFO[ListItem.Art(poster)]</texture>
					<aspectratio align="center" scalediffuse="false">scale</aspectratio><!-- 海报中对齐 -->
					<bordersize>20</bordersize>
					<visible>String.IsEmpty(Skin.String(poster_align)) | String.IsEqual(Skin.String(poster_align),center)</visible>
				</control>
				<control type="image">
					<left>15</left>
					<top>-10</top>
					<width>260</width>
					<height>360</height>
					<texture background="true" diffuse="diffuseplus/poster.png">$INFO[ListItem.Art(poster)]</texture>
					<aspectratio align="right" scalediffuse="false">scale</aspectratio><!-- 海报右对齐 -->
					<bordersize>20</bordersize>
					<visible>String.IsEqual(Skin.String(poster_align),right)</visible>
				</control>
				<control type="image">
					<left>15</left>
					<top>-10</top>
					<width>260</width>
					<height>360</height>
					<texture>overlaysplus/overlay-bg.png</texture>
					<bordersize>20</bordersize>
					<visible>Listitem.IsCollection | ListItem.IsPlaying | Integer.IsGreater(ListItem.Playcount,0)</visible>
				</control>
				<control type="textbox">
					<left>23</left>
					<top>345</top>
					<width>243</width>
					<height>34</height>
					<align>center</align>
					<aligny>top</aligny>
					<label>$INFO[ListItem.Label]</label>
					<font>font12</font>
					<shadowcolor>text_shadow</shadowcolor>
					<visible>!$PARAM[focused]</visible>
				</control>
				<control type="textbox">
					<left>23</left>
					<top>345</top>
					<width>243</width>
					<height>34</height>
					<align>center</align>
					<aligny>top</aligny>
					<label>$INFO[ListItem.Label]</label>
					<textcolor>button_focus</textcolor>
					<font>font12</font>
					<shadowcolor>text_shadow</shadowcolor>
					<autoscroll time="2000" delay="3000" repeat="5000">$PARAM[focused]</autoscroll>
					<visible>$PARAM[focused]</visible>
				</control>
			</control>
			<control type="group">
				<visible>String.IsEqual(ListItem.DBtype,tvshow)</visible>
				<top>280</top>
				<control type="image">
					<left>15</left>
					<top>-10</top>
					<width>260</width>
					<height>80</height>
					<texture>overlaysplus/overlayfade.png</texture>
					<bordersize>20</bordersize>
					<visible>!String.IsEmpty(ListItem.Art(poster))</visible>
				</control>
				<control type="label">
					<left>0</left>
					<top>20</top>
					<width>214</width>
					<label>$INFO[ListItem.Property(WatchedEpisodes)]$INFO[ListItem.Property(TotalEpisodes), / ,]</label>
					<font>font20_title</font>
					<shadowcolor>text_shadow</shadowcolor>
					<align>right</align>
				</control>
				<control type="image">
					<left>224</left>
					<top>23</top>
					<width>24</width>
					<height>24</height>
					<texture>lists/played-total.png</texture>
				</control>
			</control>
			<control type="image">
				<left>35</left>
				<top>298</top>
				<width>32</width>
				<height>32</height>
				<texture>$VAR[WallWatchedIconVar]</texture>
			</control>
			<control type="group">
				<left>200</left>
				<top>10</top>
				<include condition="Skin.HasSetting(circle_rating) | Skin.HasSetting(circle_userrating)">RatingCircle</include>
			</control>
			<control type="progress">
				<left>35</left>
				<top>310</top>
				<width>220</width>
				<height>1</height>
				<texturebg></texturebg>
				<midtexture colordiffuse="button_focus" border="3">progressplus/texturebg.png</midtexture>
				<info>ListItem.PercentPlayed</info>
				<visible>!Integer.IsEqual(ListItem.PercentPlayed,0)</visible>
			</control>
		</definition>
	</include>
</includes>