﻿<?xml version="1.0" encoding="UTF-8"?>
<scraper framework="1.1" date="2019-05-06">
	<!--从本地NFO文件获取链接-->
	<!--$$1:NFO文件内容-->
	<NfoUrl dest="3">
		<RegExp input="$$1" output="&lt;details&gt;&lt;url cache=&quot;\1-detail.html&quot;&gt;https://movie.douban.com/subject/\1/&lt;/url&gt;&lt;/details&gt;" dest="3">
			<expression>https://movie.douban.com/subject/(\d+)/</expression>
		</RegExp>
	</NfoUrl>

	<!--创建搜索链接-->
	<!--$$1:电影名称-->
	<!--$$2:电影年份-->
	<CreateSearchUrl dest="3">
		<!--使用API-->
		<!--<RegExp conditional="api" input="$$1" output="&lt;url cache=&quot;\1-result.json&quot;&gt;https://api.douban.com/v2/movie/search?q=\1&amp;apikey=$INFO[key]&amp;year=$$2&lt;/url&gt;" dest="3">
			<expression trim="1" />
		</RegExp>-->

		<!--不使用API-->
		<RegExp input="$$1" output="&lt;url cache=&quot;\1-result.html&quot;&gt;https://www.douban.com/search?cat=1002&amp;q=\1+$$2&lt;/url&gt;" dest="3">
			<expression trim="1" />
		</RegExp>
	</CreateSearchUrl>

	<!--获取搜索结果-->
	<!--$$1:搜索页面内容-->
	<GetSearchResults dest="5">
		<!--使用API-->
		<!--<RegExp conditional="api" input="$$3" output="&lt;results sorted=&quot;yes&quot;&gt;\1&lt;/results&gt;" dest="5">
			<RegExp input="$$1" output="&lt;entity&gt;&lt;title&gt;\1 (\2)&lt;/title&gt;&lt;url cache=&quot;\3-detail.html&quot;&gt;https://movie.douban.com/subject/\3/&lt;/url&gt;&lt;id&gt;\3&lt;/id&gt;&lt;/entity&gt;" dest="3">
				<expression repeat="yes" trim="1" fixchars="1">&quot;title&quot;: &quot;([^&quot;]*)&quot;, &quot;casts&quot;: \[[^\]]*\], &quot;collect_count&quot;: \d*, &quot;original_title&quot;: &quot;[^&quot;]*&quot;, &quot;subtype&quot;: &quot;movie&quot;, &quot;directors&quot;: \[[^\]]*\], &quot;year&quot;: &quot;(\d*)&quot;, &quot;images&quot;: \{[^\}]*\}, &quot;alt&quot;: &quot;[^&quot;]*&quot;, &quot;id&quot;: &quot;(\d*)&quot;</expression>
			</RegExp>
			<expression noclean="1" />
		</RegExp>-->

		<!--不使用API-->
		<RegExp input="$$3" output="&lt;results sorted=&quot;yes&quot;&gt;\1&lt;/results&gt;" dest="5">
			<RegExp input="$$1" output="&lt;entity&gt;&lt;title&gt;\2 (\3)&lt;/title&gt;&lt;url cache=&quot;\1-detail.html&quot;&gt;https://movie.douban.com/subject/\1/&lt;/url&gt;&lt;id&gt;\1&lt;/id&gt;&lt;/entity&gt;" dest="3">
				<expression repeat="yes" trim="2" fixchars="2">&lt;div class=&quot;title&quot;&gt;\s*?&lt;h3&gt;\s*?&lt;span&gt;\[电影\]&lt;/span&gt;.*?onclick=&quot;moreurl\(.*?sid: (\d+),.*?\)&quot; &gt;(.+?)&lt;/a&gt;.*?class=&quot;subject-cast&quot;&gt;.*?/ (\d{4})&lt;/span&gt;</expression>
			</RegExp>
			<expression noclean="1" />
		</RegExp>
	</GetSearchResults>

	<!--获取电影信息-->
	<!--$$1:电影页面内容-->
	<!--$$2:电影豆瓣ID-->
	<GetDetails dest="5">
		<RegExp input="$$3" output="&lt;details&gt;\1&lt;/details&gt;" dest="5">
			<!--标题-->
			<RegExp input="$$1" output="&lt;title&gt;\1&lt;/title&gt;" dest="3">
				<expression fixchars="1">&lt;title&gt;(.+?)\(豆瓣\)</expression>
			</RegExp>

			<!--原标题-->
			<RegExp input="$$1" output="&lt;originaltitle&gt;\1&lt;/originaltitle&gt;" dest="3+">
				<expression fixchars="1">title=&quot;点击看更多海报&quot; alt=&quot;(.+?)&quot;</expression>
			</RegExp>

			<!--评分-->
			<RegExp input="$$1" output="&lt;ratings&gt;&lt;rating name=&quot;douban&quot; max=&quot;10&quot; default=&quot;true&quot;&gt;&lt;value&gt;\1&lt;/value&gt;&lt;votes&gt;\2&lt;/votes&gt;&lt;/rating&gt;&lt;/ratings&gt;" dest="3+">
				<expression>property=&quot;v:average&quot;&gt;(.+?)&lt;/strong&gt;.*?property=&quot;v:votes&quot;&gt;(\d+)&lt;/span&gt;</expression>
			</RegExp>

			<!--Top250排名-->
			<RegExp input="$$4" output="&lt;top250&gt;\1&lt;/top250&gt;" dest="3+">
				<RegExp input="$$1" output="251" dest="4">
					<expression />
				</RegExp>
				<RegExp input="$$1" output="\1" dest="4">
					<expression>class=&quot;top250-no&quot;&gt;No.(\d+)&lt;/span&gt;</expression>
				</RegExp>
				<expression />
			</RegExp>

			<!--概述-->
			<RegExp conditional="actorasoutline" input="$$6" output="&lt;outline&gt;\1&lt;/outline&gt;" dest="3+">
				<RegExp input="$$1" output="\1 / " dest="4">
					<expression repeat="yes" fixchars="1">&lt;a href=&quot;/celebrity/\d+/&quot; rel=&quot;v:starring&quot;&gt;(.+?)&lt;/a&gt;</expression>
				</RegExp>
				<RegExp input="$$4" output="\1" dest="6">
					<expression>^(.+?) / $</expression>
				</RegExp>
				<expression />
			</RegExp>

			<!--剧情-->
			<RegExp input="$$6" output="&lt;plot&gt;\1©豆瓣&lt;/plot&gt;" dest="3+">
				<RegExp input="$$1" output="\1&lt;br /&gt;" dest="4">
					<expression noclean="1" clear="yes">property=&quot;v:summary&quot; class=&quot;&quot;&gt;(.+?)&lt;/span&gt;</expression>
				</RegExp>
				<RegExp input="$$1" output="\1&lt;br /&gt;" dest="4">
					<expression noclean="1">class=&quot;all hidden&quot;&gt;(.+?)&lt;/span&gt;</expression>
				</RegExp>
				<RegExp input="$$4" output="\1\n" dest="6">
					<expression repeat="yes" trim="1" fixchars="1">(.+?)&lt;br /&gt;</expression>
				</RegExp>
				<expression />
			</RegExp>

			<!--时长-->
			<RegExp input="$$1" output="&lt;runtime&gt;\1&lt;/runtime&gt;" dest="3+">
				<expression>property=&quot;v:runtime&quot; content=&quot;(\d+)&quot;</expression>
			</RegExp>

			<!--豆瓣ID-->
			<RegExp input="$$2" output="&lt;uniqueid type=&quot;douban&quot; default=&quot;true&quot;&gt;\1&lt;/uniqueid&gt;" dest="3+">
				<expression />
			</RegExp>

			<!--IMDb ID-->
			<RegExp input="$$1" output="\1" dest="8">
				<expression>IMDb:&lt;/span&gt; (.+?)&lt;br&gt;</expression>
			</RegExp>
			<RegExp input="$$8" output="&lt;uniqueid type=&quot;IMDb&quot;&gt;\1&lt;/uniqueid&gt;" dest="3+">
				<expression />
			</RegExp>

			<!--类型-->
			<RegExp input="$$1" output="&lt;genre&gt;\1&lt;/genre&gt;" dest="3+">
				<expression repeat="yes" fixchars="1">property=&quot;v:genre&quot;&gt;(.+?)&lt;/span&gt;</expression>
			</RegExp>

			<!--国家-->
			<RegExp input="$$4" output="&lt;country&gt;\1&lt;/country&gt;" dest="3+">
				<RegExp input="$$1" output="\1" dest="4">
					<expression noclean="1" clear="yes">制片国家/地区:&lt;/span&gt;(.+?)&lt;br/&gt;</expression>
				</RegExp>
				<expression repeat="yes" trim="1" fixchars="1">([^/]+)</expression>
			</RegExp>

			<!--标签-->
			<!--<RegExp conditional="tag" input="$$1" output="&lt;tag&gt;\1&lt;/tag&gt;" dest="3+">
				<expression repeat="yes" fixchars="1">href=&quot;/tag/(.+?)&quot;</expression>
			</RegExp>-->

			<!--编剧-->
			<RegExp input="$$4" output="&lt;credits&gt;\1&lt;/credits&gt;" dest="3+">
				<RegExp input="$$1" output="\1" dest="4">
					<expression noclean="1" clear="yes">编剧.*?class='attrs'&gt;(.+?)&lt;/span&gt;</expression>
				</RegExp>
				<expression repeat="yes" fixchars="1">&lt;a.*?&gt;(.+?)&lt;/a&gt;</expression>
			</RegExp>

			<!--导演-->
			<RegExp input="$$4" output="&lt;director&gt;\1&lt;/director&gt;" dest="3+">
				<RegExp input="$$1" output="\1" dest="4">
					<expression noclean="1" clear="yes">导演.*?class='attrs'&gt;(.+?)&lt;/span&gt;</expression>
				</RegExp>
				<expression repeat="yes" fixchars="1">&lt;a.*?&gt;(.+?)&lt;/a&gt;</expression>
			</RegExp>

			<!--上映日期-->
			<RegExp input="$$4" output="&lt;premiered&gt;\1&lt;/premiered&gt;" dest="3+">
				<RegExp input="$$1" output="\1-01-01" dest="4">
					<expression clear="yes">class=&quot;year&quot;&gt;\((\d{4})\)&lt;/span&gt;</expression>
				</RegExp>
				<RegExp input="$$1" output="\1" dest="4">
					<expression>&quot;datePublished&quot;: &quot;([^&quot;]+)&quot;</expression>
				</RegExp>
				<expression />
			</RegExp>

			<!--年份-->
			<RegExp input="$$1" output="&lt;year&gt;\1&lt;/year&gt;" dest="3+">
				<expression>class=&quot;year&quot;&gt;\((\d{4})\)&lt;/span&gt;</expression>
			</RegExp>

			<!--预告片-->
			<RegExp conditional="trailer" input="$$1" output="&lt;url cache=&quot;$$2-trailer.html&quot; function=&quot;GetTrailer&quot;&gt;\1&lt;/url&gt;" dest="3+">
				<expression>class=&quot;related-pic-video&quot; href=&quot;(.+?)&quot; title=&quot;预告片&quot;</expression>
			</RegExp>

			<!--演员:数量较少-->
			<RegExp input="$INFO[actorquantity]" output="$$4" dest="3+">	
				<RegExp input="$$1" output="&lt;actor&gt;&lt;name&gt;\2&lt;/name&gt;&lt;role&gt;\3&lt;/role&gt;&lt;thumb&gt;\1&lt;/thumb&gt;&lt;/actor&gt;" dest="4">
					<expression repeat="yes" fixchars="2,3">class=&quot;avatar&quot; style=&quot;background-image: url\(([^&quot;]+)\)&quot;&gt;\s*?&lt;/div&gt;\s*?&lt;/a&gt;\s*&lt;div class=&quot;info&quot;&gt;\s*&lt;span class=&quot;name&quot;&gt;&lt;a href=&quot;[^&quot;]*&quot; title=&quot;[^&quot;]*&quot; class=&quot;name&quot;&gt;([^&quot;]+)&lt;/a&gt;&lt;/span&gt;\s*?&lt;span class=&quot;role&quot; title=&quot;((?!导演|联合执导)[^&quot;]*)&quot;</expression>
				</RegExp>
				<expression>较少</expression>
			</RegExp>

			<!--演员:数量中等-->
			<RegExp input="$INFO[actorquantity]" output="$$4" dest="3+">
				<RegExp input="$$2" output="&lt;url cache=&quot;$$2-actor.json&quot; function=&quot;GetMoreActor&quot;&gt;https://m.douban.com/rexxar/api/v2/movie/\1/credits|Referer=https://m.douban.com/&lt;/url&gt;" dest="4">
					<expression />
				</RegExp>
				<expression>中等</expression>
			</RegExp>

			<!--演员:数量较多-->
			<RegExp input="$INFO[actorquantity]" output="$$4" dest="3+">
				<RegExp input="$$2" output="&lt;url cache=&quot;$$2-actor.html&quot; function=&quot;GetMostActor&quot;&gt;https://movie.douban.com/subject/\1/celebrities&lt;/url&gt;" dest="4">
					<expression />
				</RegExp>
				<expression>较多</expression>
			</RegExp>

			<!--TheMovieDb-->
			<RegExp input="$$4" output="&lt;url cache=&quot;$$8-detail.json&quot; function=&quot;GetTMDBDetails&quot;&gt;https://api.tmdb.org/3/movie/$$8?api_key=f090bb54758cabf231fb605d3e3e0468&language=zh&append_to_response=keywords,images&include_image_language=zh,cn,en,null&lt;/url&gt;" dest="3+">
				<RegExp input="false" output="\1" dest="4">
					<expression />
				</RegExp>
				<RegExp conditional="tmdbratings" input="true" output="\1" dest="4">
					<expression />
				</RegExp>
				<RegExp conditional="tmdbposter" input="true" output="\1" dest="4">
					<expression />
				</RegExp>
				<RegExp conditional="tmdbfanart" input="true" output="\1" dest="4">
					<expression />
				</RegExp>
				<RegExp conditional="tmdblogo" input="true" output="\1" dest="4">
					<expression />
				</RegExp>
				<RegExp conditional="tmdbtagline" input="true" output="\1" dest="4">
					<expression />
				</RegExp>
				<RegExp conditional="tmdbtag" input="true" output="\1" dest="4">
					<expression />
				</RegExp>
				<RegExp conditional="tmdbstudio" input="true" output="\1" dest="4">
					<expression />
				</RegExp>
				<RegExp conditional="tmdbset" input="true" output="\1" dest="4">
					<expression />
				</RegExp>
				<expression>true</expression>
			</RegExp>

			<!--海报-->
			<RegExp conditional="!moreposter" input="$$2" output="&lt;url cache=&quot;\1-detail.html&quot; function=&quot;GetPoster&quot;&gt;https://movie.douban.com/subject/\1/&lt;/url&gt;" dest="3+">
				<expression />
			</RegExp>

			<!--更多的海报-->
			<RegExp conditional="moreposter" input="$$2" output="&lt;url cache=&quot;\1-poster.html&quot; function=&quot;GetMorePoster&quot;&gt;https://movie.douban.com/subject/\1/photos?type=R&lt;/url&gt;" dest="3+">
				<expression />
			</RegExp>

			<!--同人画-->
			<RegExp conditional="!morefanart" input="$$2" output="&lt;url cache=&quot;\1-detail.html&quot; function=&quot;GetFanart&quot;&gt;https://movie.douban.com/subject/\1/&lt;/url&gt;" dest="3+">
				<expression />
			</RegExp>

			<!--更多的同人画-->
			<RegExp conditional="morefanart" input="$$2" output="&lt;url cache=&quot;\1-fanart.html&quot; function=&quot;GetMoreFanart&quot;&gt;https://movie.douban.com/subject/\1/photos?type=S&lt;/url&gt;" dest="3+">
				<expression />
			</RegExp>
			<expression noclean="1" />
		</RegExp>
	</GetDetails>

	<!--海报-->
	<!--$$1:电影页面内容-->
	<GetPoster dest="5">
		<RegExp input="$$3" output="&lt;details&gt;\1&lt;/details&gt;" dest="5">
			<RegExp input="$$1" output="&lt;thumb aspect=&quot;poster&quot; preview=&quot;\1s\2.webp&quot;&gt;\1$$4\2.webp&lt;/thumb&gt;" dest="3">	
				<RegExp input="$INFO[posterquality]" output="l" dest="4">
					<expression>普通</expression>
				</RegExp>
				<RegExp input="$INFO[posterquality]" output="large" dest="4">
					<expression>高清</expression>
				</RegExp>
				<RegExp input="$INFO[posterquality]" output="poster" dest="4">
					<expression>原图</expression>
				</RegExp>
				<expression>title=&quot;点击看更多海报&quot;&gt;\s*?&lt;img src=&quot;(.+?)s_ratio_poster([^\.]+)\.jpg&quot;</expression>
			</RegExp>
			<expression noclean="1" />
		</RegExp>
	</GetPoster>

	<!--更多的海报-->
	<!--$$1:海报页面内容-->
	<GetMorePoster dest="5">
		<RegExp input="$$3" output="&lt;details&gt;\1&lt;/details&gt;" dest="5">
			<RegExp input="$INFO[posterquality]" output="l" dest="4">
				<expression>普通</expression>
			</RegExp>
			<RegExp input="$INFO[posterquality]" output="large" dest="4">
				<expression>高清</expression>
			</RegExp>
			<RegExp input="$INFO[posterquality]" output="poster" dest="4">
				<expression>原图</expression>
			</RegExp>
			<RegExp input="$$1" output="&lt;thumb aspect=&quot;poster&quot; preview=&quot;\1s\2.webp&quot;&gt;\1$$4\2.webp&lt;/thumb&gt;" dest="3">
				<expression repeat="yes">&lt;div class=&quot;cover&quot;&gt;\s*&lt;a href=&quot;https://movie.douban.com/photos/photo/\d+/&quot;&gt;\s*&lt;img src=&quot;(https://[^/]+/view/photo/)m(/public/[^\.]+)\.jpg&quot; /&gt;</expression>
			</RegExp>
			<expression noclean="1" />
		</RegExp>
	</GetMorePoster>

	<!--同人画-->
	<!--$$1:电影页面内容-->
	<GetFanart dest="5">
		<RegExp input="$$3" output="&lt;details&gt;&lt;fanart&gt;\1&lt;/fanart&gt;&lt;/details&gt;" dest="5">
			<RegExp input="$INFO[fanartquality]" output="l" dest="4">
				<expression>普通</expression>
			</RegExp>
			<RegExp input="$INFO[fanartquality]" output="large" dest="4">
				<expression>高清</expression>
			</RegExp>
			<RegExp input="$INFO[fanartquality]" output="fanart" dest="4">
				<expression>原图</expression>
			</RegExp>
			<RegExp input="$$1" output="&lt;thumb preview=&quot;\1s\2.webp&quot;&gt;\1$$4\2.webp&lt;/thumb&gt;" dest="3">
				<expression repeat="yes">&lt;a href=&quot;https://movie.douban.com/photos/photo/\d+/&quot;&gt;&lt;img src=&quot;(.+?)sqxs([^\.]+)\.jpg&quot; alt=&quot;图片&quot; /&gt;</expression>
			</RegExp>
			<expression noclean="1" />
		</RegExp>
	</GetFanart>

	<!--更多的同人画-->
	<!--$$1:同人画页面内容-->
	<GetMoreFanart dest="5">
		<RegExp input="$$3" output="&lt;details&gt;&lt;fanart&gt;\1&lt;/fanart&gt;&lt;/details&gt;" dest="5">	
			<RegExp input="$INFO[fanartquality]" output="l" dest="4">
				<expression>普通</expression>
			</RegExp>
			<RegExp input="$INFO[fanartquality]" output="large" dest="4">
				<expression>高清</expression>
			</RegExp>
			<RegExp input="$INFO[fanartquality]" output="fanart" dest="4">
				<expression>原图</expression>
			</RegExp>
			<RegExp input="$$1" output="&lt;thumb preview=&quot;\1s\2.webp&quot;&gt;\1$$4\2.webp&lt;/thumb&gt;" dest="3">
				<expression repeat="yes">&lt;div class=&quot;cover&quot;&gt;\s*&lt;a href=&quot;https://movie.douban.com/photos/photo/\d+/&quot;&gt;\s*&lt;img src=&quot;(https://[^/]+/view/photo/)m(/public/[^\.]+)\.jpg&quot; /&gt;</expression>
			</RegExp>
			<expression noclean="1" />
		</RegExp>
	</GetMoreFanart>

	<!--预告片-->
	<!--$$1:预告片页面内容-->
	<GetTrailer dest="3">
		<RegExp input="$$1" output="&lt;details&gt;&lt;trailer&gt;\1&lt;/trailer&gt;&lt;/details&gt;" dest="3">
			<expression>source src=&quot;(.+?)&quot;</expression>
		</RegExp>
	</GetTrailer>

	<!--演员:数量中等-->
	<!--$$1:移动端演员页面内容-->
	<GetMoreActor dest="5">
		<RegExp input="$$3" output="&lt;details&gt;\1&lt;/details&gt;" dest="5">
			<RegExp input="$$1" output="&lt;actor&gt;&lt;name&gt;\1&lt;/name&gt;&lt;role&gt;\2&lt;/role&gt;&lt;thumb&gt;\3//\4/\5/\6/\7/\8/\9&lt;/thumb&gt;&lt;/actor&gt;" dest="3">
				<expression repeat="yes" fixchars="1,2">&quot;category&quot;: &quot;\\u6f14\\u5458&quot;, &quot;name&quot;: &quot;(.+?)&quot;.*?&quot;simple_character&quot;: &quot;(.*?)&quot;,.*?&quot;large&quot;: &quot;([^\\]+)\\/\\/([^\\]+)\\/([^\\]+)\\/([^\\]+)\\/([^\\]+)\\/([^\\]+)\\/([^\?]+)\?</expression>
			</RegExp>
			<expression noclean="1" />
		</RegExp>
	</GetMoreActor>

	<!--演员:数量较多-->
	<!--$$1:电脑端演员页面内容-->
	<GetMostActor dest="7">
		<RegExp input="$$1" output="\1" dest="4">
			<expression noclean="1">&lt;span class=&quot;pl&quot;&gt;主演:&lt;/span&gt;(.+?)&lt;/p&gt;</expression>
		</RegExp>
		<RegExp input="$$1" output="\1" dest="6">
			<expression noclean="1">&lt;h2&gt;演员 Cast&lt;/h2&gt;.*?&lt;ul class=&quot;celebrities-list  __multiline&quot;&gt;(.+?)&lt;/ul&gt;</expression>
		</RegExp>
		<RegExp input="$$5" output="&lt;details&gt;\1&lt;/details&gt;" dest="7">
			<RegExp input="$$6" output="&lt;actor&gt;&lt;name&gt;\1&lt;/name&gt;&lt;role&gt;\3\4&lt;/role&gt;&lt;thumb&gt;\2&lt;/thumb&gt;&lt;/actor&gt;" dest="5">
				<RegExp input="$$4" output="\1|" dest="3">
					<expression repeat="yes" fixchars="1">&lt;a  href=&quot;https://movie.douban.com/celebrity/\d+/&quot;&gt;(.+?)&lt;/a&gt;</expression>
				</RegExp>
				<expression repeat="yes" fixchars="3">&lt;li class=&quot;celebrity&quot;&gt;\s*&lt;a href=&quot;https://movie.douban.com/celebrity/\d+/&quot; title=&quot;($$3).*?&quot; class=&quot;(?:has-account)?&quot;&gt;\s*&lt;div class=&quot;avatar(?: has-account)?&quot; style=&quot;background-image: .*?url\(([^\(\)]+)\)&quot;&gt;.*?&lt;span class=&quot;role&quot; title=&quot;(.+?) [^\(&quot;]+(.*?)&quot;&gt;</expression>
			</RegExp>
			<expression noclean="1" />
		</RegExp>
	</GetMostActor>

	<!--从TheMovieDb获取电影信息-->
	<!--$$1:电影页面内容-->
	<GetTMDBDetails dest="5">
		<RegExp input="$$3" output="&lt;details&gt;\1&lt;/details&gt;" dest="5">
			<!--TMDb ID-->
			<RegExp input="$$1" output="&lt;uniqueid type=&quot;TMDb&quot;&gt;\1&lt;/uniqueid&gt;" dest="3">
				<expression>&quot;id&quot;:(\d+),&quot;imdb_id&quot;</expression>
			</RegExp>

			<!--评分-->
			<RegExp conditional="tmdbratings" input="$$1" output="&lt;ratings&gt;&lt;rating name=&quot;themoviedb&quot; max=&quot;10&quot;&gt;&lt;value&gt;\1&lt;/value&gt;&lt;votes&gt;\2&lt;/votes&gt;&lt;/rating&gt;&lt;/ratings&gt;" dest="3+">
				<expression>&quot;vote_average&quot;:(.+?),&quot;vote_count&quot;:(\d+)</expression>
			</RegExp>

			<!--海报-->
			<RegExp conditional="tmdbposter" input="$$6" output="\1" dest="3+">
				<RegExp input="$$1" output="\1" dest="4">
					<expression noclean="1" clear="yes">&quot;posters&quot;:\[\{([^\]]*)</expression>
				</RegExp>
				<RegExp input="$$4" output="&lt;thumb aspect=&quot;poster&quot; preview=&quot;https://image.tmdb.org/t/p/w154\1&quot;&gt;https://image.tmdb.org/t/p/w1280\1&lt;/thumb&gt;" dest="6">
					<expression repeat="yes" clear="yes">&quot;iso[^&quot;]*&quot;:&quot;zh&quot;,&quot;file_path&quot;:&quot;(.+?)&quot;,&quot;vote_average&quot;</expression>
				</RegExp>
				<RegExp input="$$4" output="&lt;thumb aspect=&quot;poster&quot; preview=&quot;https://image.tmdb.org/t/p/w154\1&quot;&gt;https://image.tmdb.org/t/p/w1280\1&lt;/thumb&gt;" dest="6+">
					<expression repeat="yes">&quot;iso[^&quot;]*&quot;:&quot;cn&quot;,&quot;file_path&quot;:&quot;(.+?)&quot;,&quot;vote_average&quot;</expression>
				</RegExp>
				<RegExp input="$$4" output="&lt;thumb aspect=&quot;poster&quot; preview=&quot;https://image.tmdb.org/t/p/w154\1&quot;&gt;https://image.tmdb.org/t/p/w1280\1&lt;/thumb&gt;" dest="6+">
					<expression repeat="yes">&quot;iso[^&quot;]*&quot;:&quot;en&quot;,&quot;file_path&quot;:&quot;(.+?)&quot;,&quot;vote_average&quot;</expression>
				</RegExp>
				<RegExp input="$$4" output="&lt;thumb aspect=&quot;poster&quot; preview=&quot;https://image.tmdb.org/t/p/w154\1&quot;&gt;https://image.tmdb.org/t/p/w1280\1&lt;/thumb&gt;" dest="6+">
					<expression repeat="yes">&quot;iso[^&quot;]*&quot;:null,&quot;file_path&quot;:&quot;(.+?)&quot;,&quot;vote_average&quot;</expression>
				</RegExp>
				<expression noclean="1" />
			</RegExp>

			<!--同人画-->
			<RegExp conditional="tmdbfanart" input="$$6" output="&lt;fanart&gt;\1&lt;/fanart&gt;" dest="3+">
				<RegExp input="$$1" output="\1" dest="4">
					<expression noclean="1" clear="yes">&quot;backdrops&quot;:\[\{([^\]]*)</expression>
				</RegExp>
				<RegExp input="$$4" output="&lt;thumb preview=&quot;https://image.tmdb.org/t/p/w500_and_h282_face\1&quot;&gt;https://image.tmdb.org/t/p/w1920_and_h1080_face\1&lt;/thumb&gt;" dest="6">
					<expression repeat="yes" clear="yes">&quot;iso[^&quot;]*&quot;:null,&quot;file_path&quot;:&quot;(.+?)&quot;,&quot;vote_average&quot;</expression>
				</RegExp>
				<RegExp input="$$4" output="&lt;thumb preview=&quot;https://image.tmdb.org/t/p/w500_and_h282_face\1&quot;&gt;https://image.tmdb.org/t/p/w1920_and_h1080_face\1&lt;/thumb&gt;" dest="6+">
					<expression repeat="yes">&quot;iso[^&quot;]*&quot;:&quot;zh&quot;,&quot;file_path&quot;:&quot;(.+?)&quot;,&quot;vote_average&quot;</expression>
				</RegExp>
				<RegExp input="$$4" output="&lt;thumb preview=&quot;https://image.tmdb.org/t/p/w500_and_h282_face\1&quot;&gt;https://image.tmdb.org/t/p/w1920_and_h1080_face\1&lt;/thumb&gt;" dest="6+">
					<expression repeat="yes">&quot;iso[^&quot;]*&quot;:&quot;cn&quot;,&quot;file_path&quot;:&quot;(.+?)&quot;,&quot;vote_average&quot;</expression>
				</RegExp>
				<RegExp input="$$4" output="&lt;thumb preview=&quot;https://image.tmdb.org/t/p/w500_and_h282_face\1&quot;&gt;https://image.tmdb.org/t/p/w1920_and_h1080_face\1&lt;/thumb&gt;" dest="6+">
					<expression repeat="yes">&quot;iso[^&quot;]*&quot;:&quot;en&quot;,&quot;file_path&quot;:&quot;(.+?)&quot;,&quot;vote_average&quot;</expression>
				</RegExp>
				<expression noclean="1" />
			</RegExp>

			<!--标志图-->
			<RegExp conditional="tmdblogo" input="$$6" output="\1" dest="3+">
				<RegExp input="$$1" output="\1" dest="4">
					<expression noclean="1" clear="yes">&quot;logos&quot;:\[\{([^\]]*)</expression>
				</RegExp>
				<RegExp input="$$4" output="&lt;thumb aspect=&quot;clearlogo&quot; preview=&quot;https://image.tmdb.org/t/p/w154\1&quot;&gt;https://image.tmdb.org/t/p/w1280\1&lt;/thumb&gt;" dest="6">
					<expression repeat="yes" clear="yes">&quot;iso[^&quot;]*&quot;:&quot;en&quot;,&quot;file_path&quot;:&quot;([^&quot;]*\.png)&quot;,&quot;vote_average&quot;</expression>
				</RegExp>
				<RegExp input="$$4" output="&lt;thumb aspect=&quot;clearlogo&quot; preview=&quot;https://image.tmdb.org/t/p/w154\1&quot;&gt;https://image.tmdb.org/t/p/w1280\1&lt;/thumb&gt;" dest="6+">
					<expression repeat="yes">&quot;iso[^&quot;]*&quot;:&quot;zh&quot;,&quot;file_path&quot;:&quot;([^&quot;]*\.png)&quot;,&quot;vote_average&quot;</expression>
				</RegExp>
				<RegExp input="$$4" output="&lt;thumb aspect=&quot;clearlogo&quot; preview=&quot;https://image.tmdb.org/t/p/w154\1&quot;&gt;https://image.tmdb.org/t/p/w1280\1&lt;/thumb&gt;" dest="6+">
					<expression repeat="yes">&quot;iso[^&quot;]*&quot;:&quot;cn&quot;,&quot;file_path&quot;:&quot;([^&quot;]*\.png)&quot;,&quot;vote_average&quot;</expression>
				</RegExp>
				<RegExp input="$$4" output="&lt;thumb aspect=&quot;clearlogo&quot; preview=&quot;https://image.tmdb.org/t/p/w154\1&quot;&gt;https://image.tmdb.org/t/p/w1280\1&lt;/thumb&gt;" dest="6+">
					<expression repeat="yes">&quot;iso[^&quot;]*&quot;:null,&quot;file_path&quot;:&quot;([^&quot;]*\.png)&quot;,&quot;vote_average&quot;</expression>
				</RegExp>
				<expression noclean="1" />
			</RegExp>

			<!--标语-->
			<RegExp conditional="tmdbtagline" input="$$1" output="&lt;tagline&gt;\1&lt;/tagline&gt;" dest="3+">
				<expression trim="1" fixchars="1">&quot;tagline&quot;:&quot;([^&quot;]*)</expression>
			</RegExp>

			<!--标签-->
			<RegExp conditional="tmdbtag" input="$$1" output="&lt;tag&gt;\1&lt;/tag&gt;" dest="3+">
				<expression repeat="yes" fixchars="1">\{&quot;id&quot;:[0-9]+,&quot;name&quot;:&quot;([^&quot;]*)</expression>
			</RegExp>

			<!--制片公司-->
			<RegExp conditional="tmdbstudio" input="$$1" output="&lt;studio&gt;\1&lt;/studio&gt;" dest="3+">
				<expression repeat="yes" fixchars="1">\{&quot;id&quot;:[0-9]+,&quot;logo_path&quot;:.*?,&quot;name&quot;:&quot;([^&quot;]*)</expression>
			</RegExp>

			<!--电影集-->
			<RegExp conditional="tmdbset" input="$$1" output="&lt;url cache=&quot;\1-set.json&quot; function=&quot;GetTMDBSet&quot;&gt;https://api.tmdb.org/3/collection/\1?api_key=f090bb54758cabf231fb605d3e3e0468&language=zh&append_to_response=images&include_image_language=zh,cn,en,null&lt;/url&gt;" dest="3+">
				<expression>&quot;belongs_to_collection&quot;:\{&quot;id&quot;:(\d+),&quot;name&quot;</expression>
			</RegExp>
			<expression noclean="1" />
		</RegExp>
	</GetTMDBDetails>

	<!--TheMovieDb电影集-->
	<!--$$1:电影集页面内容-->
	<GetTMDBSet dest="5">
		<RegExp input="$$3" output="&lt;details&gt;\1&lt;/details&gt;" dest="5">
			<!--电影集标题/简介-->
			<RegExp input="$$1" output="&lt;set&gt;&lt;name&gt;\1&lt;/name&gt;&lt;overview&gt;\2&lt;/overview&gt;&lt;/set&gt;" dest="3">
				<expression trim="2" fixchars="1,2">&quot;id&quot;:\d+,&quot;name&quot;:&quot;(.+?)&quot;,&quot;overview&quot;:&quot;(.*?)&quot;,&quot;poster_path&quot;</expression>
			</RegExp>

			<!--电影集海报-->
			<RegExp input="$$6" output="\1" dest="3+">
				<RegExp input="$$1" output="\1" dest="4">
					<expression noclean="1" clear="yes">&quot;posters&quot;:\[\{([^\]]*)</expression>
				</RegExp>
				<RegExp input="$$4" output="&lt;thumb aspect=&quot;set.poster&quot; preview=&quot;https://image.tmdb.org/t/p/w154\1&quot;&gt;https://image.tmdb.org/t/p/w1280\1&lt;/thumb&gt;" dest="6">
					<expression repeat="yes" clear="yes">&quot;iso[^&quot;]*&quot;:&quot;zh&quot;,&quot;file_path&quot;:&quot;(.+?)&quot;,&quot;vote_average&quot;</expression>
				</RegExp>
				<RegExp input="$$4" output="&lt;thumb aspect=&quot;set.poster&quot; preview=&quot;https://image.tmdb.org/t/p/w154\1&quot;&gt;https://image.tmdb.org/t/p/w1280\1&lt;/thumb&gt;" dest="6+">
					<expression repeat="yes">&quot;iso[^&quot;]*&quot;:&quot;cn&quot;,&quot;file_path&quot;:&quot;(.+?)&quot;,&quot;vote_average&quot;</expression>
				</RegExp>
				<RegExp input="$$4" output="&lt;thumb aspect=&quot;set.poster&quot; preview=&quot;https://image.tmdb.org/t/p/w154\1&quot;&gt;https://image.tmdb.org/t/p/w1280\1&lt;/thumb&gt;" dest="6+">
					<expression repeat="yes">&quot;iso[^&quot;]*&quot;:&quot;en&quot;,&quot;file_path&quot;:&quot;(.+?)&quot;,&quot;vote_average&quot;</expression>
				</RegExp>
				<RegExp input="$$4" output="&lt;thumb aspect=&quot;set.poster&quot; preview=&quot;https://image.tmdb.org/t/p/w154\1&quot;&gt;https://image.tmdb.org/t/p/w1280\1&lt;/thumb&gt;" dest="6+">
					<expression repeat="yes">&quot;iso[^&quot;]*&quot;:null,&quot;file_path&quot;:&quot;(.+?)&quot;,&quot;vote_average&quot;</expression>
				</RegExp>
				<expression noclean="1" />
			</RegExp>

			<!--电影集同人画-->
			<RegExp input="$$6" output="\1" dest="3+">
				<RegExp input="$$1" output="\1" dest="4">
					<expression noclean="1" clear="yes">&quot;backdrops&quot;:\[\{([^\]]*)</expression>
				</RegExp>
				<RegExp input="$$4" output="&lt;thumb aspect=&quot;set.fanart&quot; preview=&quot;https://image.tmdb.org/t/p/w500_and_h282_face\1&quot;&gt;https://image.tmdb.org/t/p/w1920_and_h1080_face\1&lt;/thumb&gt;" dest="6">
					<expression repeat="yes" clear="yes">&quot;iso[^&quot;]*&quot;:null,&quot;file_path&quot;:&quot;(.+?)&quot;,&quot;vote_average&quot;</expression>
				</RegExp>
				<RegExp input="$$4" output="&lt;thumb aspect=&quot;set.fanart&quot; preview=&quot;https://image.tmdb.org/t/p/w500_and_h282_face\1&quot;&gt;https://image.tmdb.org/t/p/w1920_and_h1080_face\1&lt;/thumb&gt;" dest="6+">
					<expression repeat="yes">&quot;iso[^&quot;]*&quot;:&quot;zh&quot;,&quot;file_path&quot;:&quot;(.+?)&quot;,&quot;vote_average&quot;</expression>
				</RegExp>
				<RegExp input="$$4" output="&lt;thumb aspect=&quot;set.fanart&quot; preview=&quot;https://image.tmdb.org/t/p/w500_and_h282_face\1&quot;&gt;https://image.tmdb.org/t/p/w1920_and_h1080_face\1&lt;/thumb&gt;" dest="6+">
					<expression repeat="yes">&quot;iso[^&quot;]*&quot;:&quot;cn&quot;,&quot;file_path&quot;:&quot;(.+?)&quot;,&quot;vote_average&quot;</expression>
				</RegExp>
				<RegExp input="$$4" output="&lt;thumb aspect=&quot;set.fanart&quot; preview=&quot;https://image.tmdb.org/t/p/w500_and_h282_face\1&quot;&gt;https://image.tmdb.org/t/p/w1920_and_h1080_face\1&lt;/thumb&gt;" dest="6+">
					<expression repeat="yes">&quot;iso[^&quot;]*&quot;:&quot;en&quot;,&quot;file_path&quot;:&quot;(.+?)&quot;,&quot;vote_average&quot;</expression>
				</RegExp>
				<expression noclean="1" />
			</RegExp>
			<expression noclean="1" />
		</RegExp>
	</GetTMDBSet>
</scraper>