﻿<?xml version="1.0" encoding="UTF-8" standalone="yes"?>
<addon id="metadata.tv.douban.com" name="豆瓣电视剧" version="1.2.12" provider-name="Timothy">
	<requires>
		<import addon="xbmc.metadata" version="2.1.0"/>
	</requires>
	<extension point="xbmc.metadata.scraper.tvshows" language="zh" library="douban.xml"/>
	<extension point="xbmc.addon.metadata">
		<summary lang="en">Douban TV Scraper (Do not scrape frequently)</summary>
		<summary lang="zh">豆瓣电视剧刮削器(短时间内请勿过量刮削)</summary>
		<description lang="en">Download TV information from douban.com</description>
		<description lang="zh">从豆瓣网获取电视剧资料。</description>
		<platform>all</platform>
		<website>https://www.douban.com/</website>
		<assets>
			<icon>icon.png</icon>
		</assets>
	</extension>
</addon>
