<?xml version="1.0" encoding="UTF-8" standalone="yes"?>
<addon id="metadata.tv.mtime.com.python" name="时光电视剧Python" version="1.0.2" provider-name="Timothy">
	<requires>
		<import addon="xbmc.metadata" version="2.1.0" />
		<import addon="xbmc.python" version="3.0.0" />
	</requires>
	<extension point="xbmc.metadata.scraper.tvshows" library="mtime.py" />	
	<extension point="xbmc.addon.metadata">
		<reuselanguageinvoker>true</reuselanguageinvoker>
		<news>v1.0.0 - Initial version</news>
		<assets>
			<icon>icon.png</icon>
		</assets>
		<summary lang="en">Mtime TV Scraper Python</summary>
		<summary lang="zh">时光电视剧Python刮削器</summary>
		<description lang="en">Download TV information from mtime.com</description>
		<description lang="zh">从时光网获取电视剧资料。</description>
		<platform>all</platform>
		<website>http://www.mtime.com/</website>
	</extension>
</addon>
