<?xml version="1.0" encoding="UTF-8" standalone="yes"?>
<addon id="metadata.movie.simple.python" name="简易文件名Python" version="1.0.0" provider-name="Timothy">
	<requires>
		<import addon="xbmc.metadata" version="2.1.0"/>
		<import addon="xbmc.python" version="3.0.0"/>
	</requires>
	<extension point="xbmc.metadata.scraper.movies" library="simple.py"/>	
	<extension point="xbmc.addon.metadata">
		<reuselanguageinvoker>true</reuselanguageinvoker>
		<news>v1.0.0 - Initial version</news>
		<assets>
			<icon>icon.png</icon>
		</assets>
		<summary lang="en">Simple Scraper By File Name Python (File name as title/no poster/no fanart)</summary>
		<summary lang="zh">简易文件名Python刮削器(以文件名为标题/无海报/无同人图)</summary>
		<description lang="en">Scrap any video just by file name.</description>
		<description lang="zh">使用文件名刮削任意视频到资料库。</description>
		<platform>all</platform>
	</extension>
</addon>
