<?xml version="1.0" encoding="UTF-8"?>
<scraper framework="1.1" date="2013-10-26">
	<CreateSearchUrl dest="3">
		<RegExp input="$$1" output="&lt;url cache=&quot;tmdb-search-\1$$6-$INFO[language].json&quot;&gt;https://api.tmdb.org/3/search/tv?api_key=6a5be4999abf74eba1f9a8311294c267&amp;amp;query=\1$$5&amp;amp;language=$INFO[language]&amp;amp;append_to_response=credits,external_ids,images&amp;amp;include_image_language=$INFO[language],en,null&lt;/url&gt;" dest="3">
			<RegExp input="$$2" output="&amp;amp;first_air_date_year=\1" dest="5">
				<expression clear="yes">(.+)</expression>
			</RegExp>
 			<RegExp input="$$2" output="-(\1)" dest="6">
				<expression clear="yes">(.+)</expression>
			</RegExp>
			<expression noclean="1" />
		</RegExp>
	</CreateSearchUrl>

	<NfoUrl dest="3">
		<RegExp input="$$5" output="&lt;details&gt;\1&lt;/details&gt;" dest="3">
			<RegExp input="$$1" output="&lt;url function=&quot;GetTMDBId&quot;&gt;https://api.tmdb.org/3/find/\1?api_key=6a5be4999abf74eba1f9a8311294c267&amp;amp;external_source=imdb_id&lt;/url&gt;" dest="5">
				<expression clear="yes" noclean="1">imdb....?/title/(tt[0-9]*)</expression>
			</RegExp>
			<RegExp input="$$1" output="&lt;url function=&quot;GetTMDBId&quot;&gt;https://api.tmdb.org/3/find/tt\1?api_key=6a5be4999abf74eba1f9a8311294c267&amp;amp;external_source=imdb_id&lt;/url&gt;" dest="5">
				<expression noclean="1">imdb....?/Title\?([0-9]*)</expression>
			</RegExp>
			<RegExp input="$$1" output="&lt;url function=&quot;GetTMDBId&quot;&gt;https://api.tmdb.org/3/find/\1?api_key=6a5be4999abf74eba1f9a8311294c267&amp;amp;external_source=tvdb_id&lt;/url&gt;" dest="5">
				<expression noclean="1">https?://(?:www\.)?thetvdb\.com/(?:index\.php)?\?tab=series&amp;id=([0-9]+)</expression>
			</RegExp>
			<RegExp input="$$1" output="&lt;url cache=&quot;tmdb-\1-$INFO[language].json&quot;&gt;https://api.tmdb.org/3/tv/\1?api_key=6a5be4999abf74eba1f9a8311294c267&amp;amp;language=$INFO[language]&amp;amp;append_to_response=content_ratings,credits,external_ids,images&amp;amp;include_image_language=$INFO[language],en,null&lt;/url&gt;&lt;id&gt;\1&lt;/id&gt;" dest="5">
				<expression noclean="1">themoviedb\.org/tv/([0-9]+)</expression>
			</RegExp>
			<RegExp input="$$1" output="&lt;url cache=&quot;tmdb-\1-$INFO[language].json&quot;&gt;https://api.tmdb.org/3/tv/\1?api_key=6a5be4999abf74eba1f9a8311294c267&amp;amp;language=$INFO[language]&amp;amp;append_to_response=content_ratings,credits,external_ids,images&amp;amp;include_image_language=$INFO[language],en,null&lt;/url&gt;&lt;id&gt;\1|\2&lt;/id&gt;" dest="5">
				<expression noclean="1">themoviedb\.org/tv/([0-9]+)[^\/]*/episode_group/([0-9a-f]+)</expression>
			</RegExp>
			<expression noclean="1" />
		</RegExp>
	</NfoUrl>

	<GetTMDBId dest="3">
		<RegExp input="$$5" output="&lt;details&gt;\1&lt;/details&gt;" dest="3">
			<RegExp input="$$7" output="&lt;url cache=&quot;tmdb-\1-$INFO[language].json&quot;&gt;https://api.tmdb.org/3/tv/\1?api_key=6a5be4999abf74eba1f9a8311294c267&amp;amp;language=$INFO[language]&amp;amp;append_to_response=content_ratings,credits,external_ids,images&amp;amp;include_image_language=$INFO[language],en,null&lt;/url&gt;&lt;id&gt;\1&lt;/id&gt;" dest="5">
				<RegExp input="$$1" output="\1" dest="7">
					<expression noclean="1">"tv_results":\[([^\]]+)\]</expression>
				</RegExp>
				<expression>"id":([0-9]+)</expression>
			</RegExp>
			<expression noclean="1" />
		</RegExp>
	</GetTMDBId>

	<GetSearchResults dest="8">
		<RegExp input="$$3" output="&lt;results&gt;\1&lt;/results&gt;" dest="8">
			<RegExp input="$$1" output="&lt;entity&gt;&lt;title&gt;\3&lt;/title&gt;&lt;id&gt;\2&lt;/id&gt;&lt;year&gt;\1&lt;/year&gt;&lt;url cache=&quot;tmdb-\2-$INFO[language].json&quot;&gt;https://api.tmdb.org/3/tv/\2?api_key=6a5be4999abf74eba1f9a8311294c267&amp;amp;language=$INFO[language]&amp;amp;append_to_response=content_ratings,credits,external_ids,images&amp;amp;include_image_language=$INFO[language],en,null&lt;/url&gt;&lt;/entity&gt;" dest="3">
				<expression repeat="yes">{(?:(?!}).)*"first_air_date":"(?:|([0-9]+)[^"]*?)"(?:(?!}).)*"id":([0-9]*)(?:(?!}).)*"original_name":"([^"]*)"[^}]*</expression>
			</RegExp>
			<RegExp input="$$1" output="&lt;entity&gt;&lt;title&gt;\2&lt;/title&gt;&lt;id&gt;\1&lt;/id&gt;&lt;year&gt;\3&lt;/year&gt;&lt;url cache=&quot;tmdb-\1-$INFO[language].json&quot;&gt;https://api.tmdb.org/3/tv/\1?api_key=6a5be4999abf74eba1f9a8311294c267&amp;amp;language=$INFO[language]&amp;amp;append_to_response=content_ratings,credits,external_ids,images&amp;amp;include_image_language=$INFO[language],en,null&lt;/url&gt;&lt;/entity&gt;" dest="3+">
				<expression repeat="yes">{(?:(?!}).)*"id":([0-9]*)(?:(?!}).)*"original_name":"([^"]*)"[^}]*(?:(?!}).)*"first_air_date":"(?:|([0-9]+)[^"]*?)"</expression>
			</RegExp>
			<RegExp input="$$1" output="&lt;entity&gt;&lt;title&gt;\3&lt;/title&gt;&lt;id&gt;\1&lt;/id&gt;&lt;year&gt;\2&lt;/year&gt;&lt;url cache=&quot;tmdb-\1-$INFO[language].json&quot;&gt;https://api.tmdb.org/3/tv/\1?api_key=6a5be4999abf74eba1f9a8311294c267&amp;amp;language=$INFO[language]&amp;amp;append_to_response=content_ratings,credits,external_ids,images&amp;amp;include_image_language=$INFO[language],en,null&lt;/url&gt;&lt;/entity&gt;" dest="3+">
				<expression repeat="yes">{(?:(?!}).)*"id":([0-9]*)(?:(?!}).)*"first_air_date":"(?:|([0-9]+)[^"]*?)"(?:(?!}).)*"original_name":"([^"]*)"[^}]*</expression>
			</RegExp>
			<RegExp input="$$1" output="&lt;entity&gt;&lt;title&gt;\1&lt;/title&gt;&lt;id&gt;\2&lt;/id&gt;&lt;year&gt;\3&lt;/year&gt;&lt;url cache=&quot;tmdb-\2-$INFO[language].json&quot;&gt;https://api.tmdb.org/3/tv/\2?api_key=6a5be4999abf74eba1f9a8311294c267&amp;amp;language=$INFO[language]&amp;amp;append_to_response=content_ratings,credits,external_ids,images&amp;amp;include_image_language=$INFO[language],en,null&lt;/url&gt;&lt;/entity&gt;" dest="3+">
				<expression repeat="yes">{(?:(?!}).)*"original_name":"([^"]*)"[^}]*(?:(?!}).)*"id":([0-9]*)(?:(?!}).)*(?:(?!}).)*"first_air_date":"(?:|([0-9]+)[^"]*?)"</expression>
			</RegExp>
			<RegExp input="$$1" output="&lt;entity&gt;&lt;title&gt;\3&lt;/title&gt;&lt;id&gt;\2&lt;/id&gt;&lt;year&gt;\1&lt;/year&gt;&lt;url cache=&quot;tmdb-\2-$INFO[language].json&quot;&gt;https://api.tmdb.org/3/tv/\2?api_key=6a5be4999abf74eba1f9a8311294c267&amp;amp;language=$INFO[language]&amp;amp;append_to_response=content_ratings,credits,external_ids,images&amp;amp;include_image_language=$INFO[language],en,null&lt;/url&gt;&lt;/entity&gt;" dest="3+">
				<expression repeat="yes">{(?:(?!}).)*"first_air_date":"(?:|([0-9]+)[^"]*?)"(?:(?!}).)*"id":([0-9]*)(?:(?!}).)*"name":"([^"]*)"[^}]*</expression>
			</RegExp>
			<RegExp input="$$1" output="&lt;entity&gt;&lt;title&gt;\2&lt;/title&gt;&lt;id&gt;\1&lt;/id&gt;&lt;year&gt;\3&lt;/year&gt;&lt;url cache=&quot;tmdb-\1-$INFO[language].json&quot;&gt;https://api.tmdb.org/3/tv/\1?api_key=6a5be4999abf74eba1f9a8311294c267&amp;amp;language=$INFO[language]&amp;amp;append_to_response=content_ratings,credits,external_ids,images&amp;amp;include_image_language=$INFO[language],en,null&lt;/url&gt;&lt;/entity&gt;" dest="3+">
				<expression repeat="yes">{(?:(?!}).)*"id":([0-9]*)(?:(?!}).)*"name":"([^"]*)"[^}]*(?:(?!}).)*"first_air_date":"(?:|([0-9]+)[^"]*?)"</expression>
			</RegExp>
			<RegExp input="$$1" output="&lt;entity&gt;&lt;title&gt;\3&lt;/title&gt;&lt;id&gt;\1&lt;/id&gt;&lt;year&gt;\2&lt;/year&gt;&lt;url cache=&quot;tmdb-\1-$INFO[language].json&quot;&gt;https://api.tmdb.org/3/tv/\1?api_key=6a5be4999abf74eba1f9a8311294c267&amp;amp;language=$INFO[language]&amp;amp;append_to_response=content_ratings,credits,external_ids,images&amp;amp;include_image_language=$INFO[language],en,null&lt;/url&gt;&lt;/entity&gt;" dest="3+">
				<expression repeat="yes">{(?:(?!}).)*"id":([0-9]*)(?:(?!}).)*"first_air_date":"(?:|([0-9]+)[^"]*?)"(?:(?!}).)*"name":"([^"]*)"[^}]*</expression>
			</RegExp>
			<RegExp input="$$1" output="&lt;entity&gt;&lt;title&gt;\1&lt;/title&gt;&lt;id&gt;\2&lt;/id&gt;&lt;year&gt;\3&lt;/year&gt;&lt;url cache=&quot;tmdb-\2-$INFO[language].json&quot;&gt;https://api.tmdb.org/3/tv/\2?api_key=6a5be4999abf74eba1f9a8311294c267&amp;amp;language=$INFO[language]&amp;amp;append_to_response=content_ratings,credits,external_ids,images&amp;amp;include_image_language=$INFO[language],en,null&lt;/url&gt;&lt;/entity&gt;" dest="3+">
				<expression repeat="yes">{(?:(?!}).)*"name":"([^"]*)"[^}]*(?:(?!}).)*"id":([0-9]*)(?:(?!}).)*(?:(?!}).)*"first_air_date":"(?:|([0-9]+)[^"]*?)"</expression>
			</RegExp>
			<expression noclean="1" />
		</RegExp>
	</GetSearchResults>

	<GetDetails dest="3">
		<RegExp input="$$5" output="&lt;details&gt;\1&lt;/details&gt;" dest="3">
			<RegExp input="$$2" output="\1" dest="10">
				<expression>^([0-9]+)</expression>
			</RegExp>
			<RegExp input="$$1" output="\1" dest="7">
				<expression fixchars="1">"original_name":"([^"]*)</expression>
			</RegExp>
			<RegExp conditional="keeporiginaltitle" input="$$7" output="&lt;title&gt;\1&lt;/title&gt;" dest="5">
				<expression/>
			</RegExp>
			<RegExp conditional="!keeporiginaltitle" input="$$1" output="&lt;title&gt;\1&lt;/title&gt;" dest="5+">
				<expression fixchars="1">"name":"([^"]*)","next</expression>
			</RegExp>
			<RegExp input="$$7" output="&lt;originaltitle&gt;\1&lt;/originaltitle&gt;" dest="5+">
				<expression/>
			</RegExp>
			<RegExp input="$$10" output="&lt;id&gt;\1&lt;/id&gt;&lt;uniqueid type=&quot;tmdb&quot; default=&quot;true&quot;&gt;\1&lt;/uniqueid&gt;" dest="5+">
				<expression/>
			</RegExp>
			<RegExp input="$$1" output="\1" dest="14">
				<expression>"imdb_id":"(tt\d+)"</expression>
			</RegExp>
			<RegExp input="$$1" output="\1" dest="19">
				<expression>"tvdb_id":(\d+),</expression>
			</RegExp>
			<RegExp input="$$14" output="&lt;uniqueid type=&quot;imdb&quot; default=&quot;false&quot;&gt;\1&lt;/uniqueid&gt;" dest="5+">
				<expression>(.+)</expression>
			</RegExp>
			<RegExp input="$$19" output="&lt;uniqueid type=&quot;tvdb&quot; default=&quot;false&quot;&gt;\1&lt;/uniqueid&gt;" dest="5+">
				<expression>(.+)</expression>
			</RegExp>
			<RegExp input="$$1" output="&lt;year&gt;\1&lt;/year&gt;" dest="5+">
				<expression noclean="1">"first_air_date":"([0-9]+)-</expression>
			</RegExp>
			<RegExp input="$$1" output="&lt;premiered&gt;\1&lt;/premiered&gt;" dest="5+">
				<expression noclean="1">"first_air_date":"([^"]*)</expression>
			</RegExp>
			<RegExp input="$$7" output="&lt;studio&gt;\1&lt;/studio&gt;" dest="5+">
				<RegExp input="$$1" output="\1" dest="7">
					<expression clear="yes" noclean="1">"networks":\[([^\]]*)</expression>
				</RegExp>
				<expression trim="1" fixchars="1">"name":"([^"]*)</expression>
			</RegExp>
			<RegExp input="$$1" output="\1" dest="7">
				<expression clear="yes" noclean="1">"crew":\[([^\]]*)</expression>
			</RegExp>
			<RegExp input="$$7" output="&lt;director&gt;\1&lt;/director&gt;" dest="5+">
				<expression repeat="yes" fixchars="1">"name":"([^"]*)","job":"Director"</expression>
			</RegExp>
			<RegExp input="$$7" output="&lt;credits&gt;\1&lt;/credits&gt;" dest="5+">
				<expression repeat="yes" fixchars="1">"name":"([^"]*)","job":"Writer"</expression>
			</RegExp>
			<RegExp input="$$8" output="\1" dest="5+">
				<RegExp input="$$1" output="&lt;value&gt;\1&lt;/value&gt;" dest="7">
					<expression>"type".+?"vote_average":([^,]*),</expression>
				</RegExp>
				<RegExp input="$$1" output="&lt;votes&gt;\1&lt;/votes&gt;" dest="7+">
					<expression>"type".+?"vote_count":([0-9]+)</expression>
				</RegExp>
				<RegExp input="$INFO[RatingS]" output="default=&quot;true&quot;" dest="17">
					<expression>Themoviedb</expression>
				</RegExp>
				<RegExp input="" output="" dest="8">
					<expression />
				</RegExp>
				<RegExp input="$INFO[RatingS]|$INFO[fallback]" output="&lt;ratings&gt;&lt;rating name=&quot;themoviedb&quot; $$17&gt;$$7&lt;/rating&gt;&lt;/ratings&gt;" dest="8">
					<expression>Themoviedb|true</expression>
				</RegExp>
				<expression noclean="1">(.+)</expression>
			</RegExp>
			<RegExp input="$$14|$INFO[RatingS]|default|$INFO[alsoimdb]" output="&lt;chain function=&quot;GetIMDBRatingsById&quot;&gt;$$14\1&lt;/chain&gt;" dest="5+">
				<expression>^tt\d+\|(?:IMDb(\|default)|.*true$)</expression>
			</RegExp>
			<RegExp input="$$1" output="&lt;mpaa&gt;$INFO[certprefix]\1&lt;/mpaa&gt;" dest="5+">
				<expression>"$INFO[tmdbcertcountry]","rating":"([^"]*)"</expression>
			</RegExp>
			<RegExp input="$$1" output="&lt;chain function=&quot;GetCast&quot;&gt;$$10|\1&lt;/chain&gt;" dest="5+">
				<expression repeat="yes">"season_number":([0-9]+)</expression>
			</RegExp>
			<RegExp input="$$7" output="&lt;genre&gt;\1&lt;/genre&gt;" dest="5+">
				<RegExp input="$$1" output="\1" dest="7">
					<expression clear="yes" noclean="1">"genres":\[([^\]]+)\]</expression>
				</RegExp>
				<expression repeat="yes" fixchars="1">"name":"([^"]*)</expression>
			</RegExp>
			<RegExp input="$$1" output="\1" dest="9">
				<expression clear="yes" fixchars="1">original_name":"[^"]*","overview":"(.*?)","popularity"</expression>
			</RegExp>
			<RegExp input="$$9" output="&lt;plot&gt;\1&lt;/plot&gt;" dest="5+">
				<expression>(.+)</expression>
			</RegExp>
			<RegExp input="$$9" output="$$8" dest="5+">
				<RegExp input="$INFO[language]" output="&lt;url function=&quot;ParseFallbackTMDBPlot&quot; cache=&quot;tmdb-$$10-en.json&quot;&gt;https://api.tmdb.org/3/tv/$$10?api_key=6a5be4999abf74eba1f9a8311294c267&amp;amp;language=en&lt;/url&gt;" dest="8">
					<expression clear="yes">^(?!en).*</expression>
				</RegExp>
				<expression>^$</expression>
			</RegExp>
			<RegExp input="$$10" output="&lt;chain function=&quot;GetArt&quot;&gt;$$10&lt;/chain&gt;" dest="5+">
				<expression />
			</RegExp>
			<RegExp input="$$1" output="&lt;namedseason number=&quot;\2&quot;&gt;\1&lt;/namedseason&gt;" dest="5+">
				<expression>"name":"([^}]+)","overview":[^}]*?"season_number":(0)\}</expression>
			</RegExp>
			<RegExp input="$$8" output="\1" dest="5+">
				<RegExp input="$$1" output="&lt;namedseason number=&quot;\2&quot;&gt;\1&lt;/namedseason&gt;" dest="8">
					<expression repeat="yes" fixchars="1">"id":[0-9]+,"name":"([^}]+)","overview":[^}]*?"season_number":(?!0})([0-9]+)}</expression>
				</RegExp>
				<RegExp input="$$2" output="&lt;url function=&quot;GetEpisodeGroupSeasonNames&quot; cache=&quot;tmdb-$$10-$INFO[language]-episode_group-\1.json&quot;&gt;https://api.tmdb.org/3/tv/episode_group/\1?api_key=6a5be4999abf74eba1f9a8311294c267&amp;amp;language=$INFO[language]&lt;/url&gt;" dest="8">
					<expression>\|([0-9a-f]+)$</expression>
				</RegExp>
				<expression noclean="1"/>
			</RegExp>
			<RegExp input="$$2" output="&lt;url cache=&quot;tmdb-$$10-$INFO[language]-episode_group-\1.json&quot;&gt;https://api.tmdb.org/3/tv/episode_group/\1?api_key=6a5be4999abf74eba1f9a8311294c267&amp;amp;language=$INFO[language]&lt;/url&gt;" dest="12">
				<expression clear="yes">\|([0-9a-f]+)$</expression>
			</RegExp>
			<RegExp input="$$3" output="&lt;episodeguide&gt;&lt;url cache=&quot;tmdb-$$10-$INFO[language].json&quot;&gt;\1&lt;/url&gt;$$12&lt;/episodeguide&gt;" dest="5+">
				<expression/>
			</RegExp>
			<expression noclean="1" />
		</RegExp>
	</GetDetails>

	<GetEpisodeGroupSeasonNames dest="3">
		<RegExp input="$$5" output="&lt;details&gt;\1&lt;/details&gt;" dest="3">
			<RegExp input="$$1" output="&lt;namedseason number=&quot;\2&quot;&gt;\1&lt;/namedseason&gt;" dest="5">
				<expression repeat="yes" fixchars="1">"name":"([^[\]]*?)","order":([0-9]+),"episodes"</expression>
			</RegExp>
			<expression noclean="1"/>
		</RegExp>
	</GetEpisodeGroupSeasonNames>

	<GetEpisodeList clearbuffers="no" dest="3">
		<RegExp input="$$4" output="&lt;episodeguide&gt;\1&lt;/episodeguide&gt;" dest="3">
			<RegExp input="$$1" output="\1" dest="5">
				<expression>"id":([0-9]+),"in_production"</expression>
			</RegExp>
			<RegExp input="$$1" output="&lt;url cache=&quot;tmdb-$$5-$INFO[language]-season-\1.json&quot; function=&quot;GetSeasonEpisodeList&quot;&gt;https://api.tmdb.org/3/tv/$$5/season/\1?api_key=6a5be4999abf74eba1f9a8311294c267&amp;amp;language=$INFO[language]&amp;amp;append_to_response=credits,external_ids,images&amp;amp;include_image_language=$INFO[language],en,null&lt;/url&gt;" dest="4">
				<expression clear="yes">"season_number":(0)}</expression>
			</RegExp>
			<RegExp input="$$9" output="\1" dest="4+">
				<RegExp input="$$1" output="&lt;url cache=&quot;tmdb-$$5-$INFO[language]-season-\1.json&quot; function=&quot;GetSeasonEpisodeList&quot;&gt;https://api.tmdb.org/3/tv/$$5/season/\1?api_key=6a5be4999abf74eba1f9a8311294c267&amp;amp;language=$INFO[language]&amp;amp;append_to_response=credits,external_ids,images&amp;amp;include_image_language=$INFO[language],en,null&lt;/url&gt;" dest="9">
					<expression repeat="yes">"season_number":(?!0})([0-9]+)}</expression>
				</RegExp>
				<RegExp input="$$2" output="&lt;url function=&quot;GetEpisodeGroupList&quot; cache=&quot;tmdb-$$5-$INFO[language]-episode_group-\1.json&quot;&gt;https://api.tmdb.org/3/tv/episode_group/\1?api_key=6a5be4999abf74eba1f9a8311294c267&amp;amp;language=$INFO[language]&lt;/url&gt;" dest="9">
					<expression>"id":"([0-9a-f]+)","name":"[^}]*","network"</expression>
				</RegExp>
				<expression noclean="1"/>
			</RegExp>
			<expression noclean="1"/>
		</RegExp>
	</GetEpisodeList>

	<GetSeasonEpisodeList clearbuffers="no" dest="3">
		<RegExp input="$$4" output="&lt;episodeguide&gt;\1&lt;/episodeguide&gt;" dest="3">
			<RegExp input="$$1" output="\1" dest="6">
				<expression clear="yes">"season_number":([0-9]+)</expression>
			</RegExp>
			<RegExp input="$$1" output="&lt;episode&gt;&lt;title&gt;\4&lt;/title&gt;&lt;aired&gt;\2&lt;/aired&gt;&lt;epnum&gt;\3&lt;/epnum&gt;&lt;season&gt;$$6&lt;/season&gt;&lt;url cache=&quot;tmdb-$$5-$INFO[language]-season-$$6.json&quot;&gt;https://api.tmdb.org/3/tv/$$5/season/$$6?api_key=6a5be4999abf74eba1f9a8311294c267&amp;amp;language=$INFO[language]&amp;amp;append_to_response=credits,external_ids,images&amp;amp;include_image_language=$INFO[language],en,null&lt;/url&gt;&lt;id&gt;$$5|$$6|\3&lt;/id&gt;&lt;/episode&gt;" dest="4">
				<expression repeat="yes" clear="yes">"air_date":("([^"]*)"|null),"episode_number":([0-9]+)</expression>
			</RegExp>
			<expression noclean="1"/>
		</RegExp>
	</GetSeasonEpisodeList>

	<GetEpisodeGroupList clearbuffers="no" dest="3">
		<RegExp input="$$4" output="&lt;episodeguide&gt;\1&lt;/episodeguide&gt;" dest="3">
			<RegExp input="$$1" output="&lt;chain function=&quot;GetEpisodeGroupSeasonList&quot;&gt;\1&lt;/chain&gt;" dest="4">
				<expression repeat="yes">"order":([0-9]+),"episodes":[^]]+\]</expression>
			</RegExp>
			<RegExp input="$$1" output="\1" dest="18">
				<expression noclean="1"/>
			</RegExp>
			<expression noclean="1"/>
		</RegExp>
	</GetEpisodeGroupList>

	<GetEpisodeGroupSeasonList clearbuffers="no" dest="3">
		<RegExp input="$$15" output="\1" dest="3">
			<RegExp input="$$18" output="&lt;!-- Group name: \1 --&gt;" dest="4">
				<expression>"name":"([^[\]{]+)","network":</expression>
			</RegExp>
			<RegExp input="$$18" output="&lt;!-- Season name: \1 --&gt;" dest="4+">
				<expression>"name":"([^[\]{]+)","order":$$1</expression>
			</RegExp>
			<RegExp input="$$18" output="\1" dest="6">
				<expression>"order":$$1,"episodes":(.*?)\](?:,"locked"|\})</expression>
			</RegExp>
			<RegExp input="$$6" output="&lt;episode&gt;&lt;title&gt;\4&lt;/title&gt;&lt;aired&gt;\2&lt;/aired&gt;&lt;epnum&gt;\7&lt;/epnum&gt;&lt;season&gt;$$1&lt;/season&gt;&lt;url cache=&quot;tmdb-\6-$INFO[language]-season-\5.json&quot;&gt;https://api.tmdb.org/3/tv/\6/season/\5?api_key=6a5be4999abf74eba1f9a8311294c267&amp;amp;language=$INFO[language]&amp;amp;append_to_response=credits,external_ids,images&amp;amp;include_image_language=$INFO[language],en,null&lt;/url&gt;&lt;id&gt;\6|\5|\3&lt;/id&gt;&lt;/episode&gt;" dest="4+">
				<expression repeat="yes">{"air_date":("([^"]+)"|null),.*?"episode_number":([0-9]+),.*?"id":[0-9]+,"name":"((?:[^"]|(?&lt;=\\)")*)",[^}]+"season_number":([0-9]+),"show_id":([0-9]+),[^}]+"order":([0-9]+)</expression>
			</RegExp>
			<RegExp input="" output="" dest="15">
				<expression/>
			</RegExp>
			<XSLT input="&lt;episodeguide&gt;$$4&lt;/episodeguide&gt;" output="\1" dest="15">
				<xsl:stylesheet version = "1.0"
					xmlns:xsl="http://www.w3.org/1999/XSL/Transform">
					<xsl:output omit-xml-declaration="yes" indent="yes"/>
					<xsl:template match="node()|@*">
						<xsl:copy>
							<xsl:apply-templates select="@*" />
							<xsl:apply-templates />
						</xsl:copy>
					</xsl:template>
					<xsl:template match="epnum">
						<epnum><xsl:value-of select=".+1"/></epnum>
					</xsl:template>
					<xsl:template match="id">
						<id><xsl:value-of select="."/>|<xsl:value-of select="../season"/>|<xsl:value-of select="../epnum+1"/></id>
					</xsl:template>
				</xsl:stylesheet>
			</XSLT>
			<expression noclean="1"/>
		</RegExp>
	</GetEpisodeGroupSeasonList>

	<GetEpisodeDetails dest="4">
		<RegExp input="$$5" output="&lt;details&gt;\1&lt;/details&gt;" dest="4">
			<RegExp input="$$1" output="\1" dest="1">
				<RegExp input="$$2" output="\1" dest="7">
					<expression>^[0-9]+\|[0-9]+\|([0-9]+)</expression>
				</RegExp>
				<expression>({"air_date":(?:"[^"]*"|null),"episode_number":$$7,.*?vote_count":(?:[^\}]*|nul))</expression>
			</RegExp>
			<RegExp input="$$2" output="\1" dest="6">
				<expression>^([0-9]+)\|</expression>
			</RegExp>
			<RegExp input="$$1" output="\1" dest="10">
				<expression>"season_number":([0-9]+)</expression>
			</RegExp>
			<RegExp input="$$1" output="\1" dest="11">
				<expression>"episode_number":([0-9]+)</expression>
			</RegExp>
			<RegExp input="$$1" output="\1" dest="9">
				<expression fixchars="1" clear="yes">"id":[0-9]+,"name":"([^\}]*?)","overview"</expression>
			</RegExp>
			<RegExp input="$$9" output="&lt;title&gt;$INFO[titleprefix]$$7$INFO[titlesuffix]&lt;/title&gt;" dest="5">
				<expression>^$</expression>
			</RegExp>
			<RegExp input="$$9" output="&lt;title&gt;\1&lt;/title&gt;" dest="5">
				<expression>(.+)</expression>
			</RegExp>
			<RegExp input="$$9" output="$$8" dest="5+">
				<RegExp input="$INFO[language]" output="&lt;url function=&quot;ParseFallbackTMDBEpisodeTitle&quot; cache=&quot;tmdb-$$6-en-episode-s$$10e$$11.json&quot;&gt;https://api.tmdb.org/3/tv/$$6/season/$$10/episode/$$11?api_key=6a5be4999abf74eba1f9a8311294c267&amp;amp;language=en&lt;/url&gt;" dest="8">
					<expression clear="yes">^(?!en).*</expression>
				</RegExp>
				<expression>^$</expression>
			</RegExp>
			<RegExp input="$$2" output="&lt;season&gt;\1&lt;/season&gt;&lt;episode&gt;\2&lt;/episode&gt;" dest="5+">
				<expression>([0-9]+)\|([0-9]+)$</expression>
			</RegExp>
			<RegExp input="$$1" output="&lt;aired&gt;\1&lt;/aired&gt;" dest="5+">
				<expression>"air_date":"([^"]*)"</expression>
			</RegExp>
			<RegExp input="$$1" output="&lt;uniqueid type=&quot;tmdb&quot; default=&quot;true&quot;&gt;\1&lt;/uniqueid&gt;" dest="5+">
				<expression>"id":([0-9]+),"name"</expression>
			</RegExp>
			<RegExp input="$$8" output="\1" dest="5+">
				<RegExp input="$$1" output="&lt;value&gt;\1&lt;/value&gt;" dest="7">
					<expression>"vote_average":([^,]*),</expression>
				</RegExp>
				<RegExp input="$$1" output="&lt;votes&gt;\1&lt;/votes&gt;" dest="7+">
					<expression>"vote_count":([0-9]+)</expression>
				</RegExp>
				<RegExp input="$INFO[RatingS]" output="default=&quot;true&quot;" dest="16">
					<expression>Themoviedb</expression>
				</RegExp>
				<RegExp input="" output="" dest="8">
					<expression />
				</RegExp>
				<RegExp input="$INFO[RatingS]|$INFO[fallback]" output="&lt;ratings&gt;&lt;rating name=&quot;themoviedb&quot; $$16&gt;$$7&lt;/rating&gt;&lt;/ratings&gt;" dest="8">
					<expression>Themoviedb|true</expression>
				</RegExp>
				<expression noclean="1">(.+)</expression>
			</RegExp>
			<RegExp input="$INFO[RatingS]|$INFO[alsoimdb]" output="&lt;chain function=&quot;GetEpisodeExtraDetails&quot;&gt;$$6|$$10|$$11|ParseEpisodeIMDBRatingsById&lt;/chain&gt;" dest="5+">
				<expression>IMDb|true</expression>
			</RegExp>
			<RegExp input="$$1" output="\1" dest="9">
				<expression clear="yes" fixchars="1">"overview":"([^\{]*?)","production_code"</expression>
			</RegExp>
			<RegExp input="$$9" output="&lt;plot&gt;\1&lt;/plot&gt;" dest="5+">
				<expression>(.+)</expression>
			</RegExp>
			<RegExp input="$$9" output="$$8" dest="5+">
				<RegExp input="$INFO[language]" output="&lt;url function=&quot;ParseFallbackTMDBPlot&quot; cache=&quot;tmdb-$$6-en-episode-s$$10e$$11.json&quot;&gt;https://api.tmdb.org/3/tv/$$6/season/$$10/episode/$$11?api_key=6a5be4999abf74eba1f9a8311294c267&amp;amp;language=en&lt;/url&gt;" dest="8">
					<expression clear="yes">^(?!en).*</expression>
				</RegExp>
				<expression>^$</expression>
			</RegExp>
			<RegExp input="$$1" output="\1" dest="7">
				<expression clear="yes" noclean="1">"crew":\[([^\]]*)</expression>
			</RegExp>
			<RegExp input="$$7" output="&lt;director&gt;\1&lt;/director&gt;" dest="5+">
				<expression repeat="yes" fixchars="1">"department":"Directing".*?"name":"([^"]*)"</expression>
			</RegExp>
			<RegExp input="$$7" output="&lt;credits&gt;\1&lt;/credits&gt;" dest="5+">
				<expression repeat="yes" fixchars="1">"department":"Writing".*?"name":"([^"]*)"</expression>
			</RegExp>
			<RegExp input="" output="&lt;chain function=&quot;GetCast&quot;&gt;$$6|$$10|$$11&lt;/chain&gt;" dest="5+">
				<expression />
			</RegExp>
			<RegExp input="" output="&lt;chain function=&quot;GetEpisodeExtraDetails&quot;&gt;$$6|$$10|$$11|ParseEpisodeExternalIds&lt;/chain&gt;" dest="5+">
				<expression />
			</RegExp>
			<RegExp input="" output="&lt;chain function=&quot;GetEpisodeExtraDetails&quot;&gt;$$6|$$10|$$11|ParseEpisodeArt&lt;/chain&gt;" dest="5+">
				<expression />
			</RegExp>
			<expression noclean="1"/>
		</RegExp>
	</GetEpisodeDetails>

	<ParseFallbackTMDBPlot dest="4">
		<RegExp input="$$5" output="&lt;details&gt;\1&lt;/details&gt;" dest="4">
			<RegExp input="$$1" output="&lt;plot&gt;\1&lt;/plot&gt;" dest="5">
				<expression clear="yes" fixchars="1">overview":"([^\{]*?)","(?:id|popularity)"</expression>
			</RegExp>
			<expression noclean="1" />
		</RegExp>
	</ParseFallbackTMDBPlot>

	<ParseFallbackTMDBEpisodeTitle dest="4">
		<RegExp input="$$5" output="&lt;details&gt;\1&lt;/details&gt;" dest="4">
			<RegExp input="$$1" output="&lt;title&gt;\1&lt;/title&gt;" dest="5">
				<expression fixchars="1" clear="yes">"name":"([^\}]*?)","overview"</expression>
			</RegExp>
			<expression noclean="1" />
		</RegExp>
	</ParseFallbackTMDBEpisodeTitle>

	<ParseTMDBBaseImageURL clearbuffers="no" dest="4">
		<RegExp input="$$5" output="&lt;details&gt;$$20&lt;/details&gt;" dest="4">
			<RegExp input="$$1" output="\1" dest="20">
				<expression>&quot;images&quot;:\{.*?&quot;secure_base_url&quot;:&quot;([^&quot;]*)&quot;</expression>
			</RegExp>
			<expression noclean="1" />
		</RegExp>
	</ParseTMDBBaseImageURL>

	<GetCast dest="3" clearbuffers="no">
		<RegExp input="$$5" output="&lt;details&gt;\1&lt;/details&gt;" dest="3">
			<RegExp input="$$1" output="&lt;url function=&quot;ParseTMDBBaseImageURL&quot; cache=&quot;tmdb-config.json&quot;&gt;https://api.tmdb.org/3/configuration?api_key=6a5be4999abf74eba1f9a8311294c267&lt;/url&gt;" dest="5">
				<expression />
			</RegExp>
			<RegExp input="$$1" output="&lt;url cache=&quot;tmdb-\1-$INFO[language]-season-\2.json&quot; function=&quot;ParseCast&quot;&gt;https://api.tmdb.org/3/tv/\1/season/\2?api_key=6a5be4999abf74eba1f9a8311294c267&amp;amp;language=$INFO[language]&amp;amp;append_to_response=credits,external_ids,images&amp;amp;include_image_language=$INFO[language],en,null&lt;/url&gt;" dest="5+">
				<RegExp input="-1" output="\1" dest="11">
					<expression/>
				</RegExp>
				<expression>^([0-9]+)\|([0-9]+)$</expression>
			</RegExp>
			<RegExp input="$$1" output="&lt;url cache=&quot;tmdb-\1-$INFO[language]-season-\2.json&quot; function=&quot;ParseCast&quot;&gt;https://api.tmdb.org/3/tv/\1/season/\2?api_key=6a5be4999abf74eba1f9a8311294c267&amp;amp;language=$INFO[language]&amp;amp;append_to_response=credits,external_ids,images&amp;amp;include_image_language=$INFO[language],en,null&lt;/url&gt;" dest="5+">
				<RegExp input="$$1" output="\1" dest="11">
					<expression>^[0-9]+\|[0-9]+\|([0-9]+)$</expression>
				</RegExp>
				<expression>^([0-9]+)\|([0-9]+)\|[0-9]+$</expression>
			</RegExp>
			<expression noclean="1" />
		</RegExp>
	</GetCast>
	<ParseCast dest="4">
		<RegExp input="$$5" output="&lt;details&gt;\1&lt;/details&gt;" dest="4">
			<RegExp input="$$1" output="\1" dest="7">
				<expression clear="yes" noclean="1">"cast":\[([^\]]+)\]</expression>
			</RegExp>
			<RegExp input="$$7" output="&lt;actor&gt;&lt;name&gt;\1&lt;/name&gt;&lt;role&gt;\3&lt;/role&gt;&lt;order&gt;\4&lt;/order&gt;&lt;thumb&gt;$$20original\2&lt;/thumb&gt;&lt;/actor&gt;" dest="5">
				<expression clear="yes" repeat="yes" fixchars="1,2">Acting","name":"([^"]*)","original_name":"[^"]*","popularity":[^"]*"profile_path":"([^"]*)","character":"((?:[^"]|(?&lt;=\\)")*)","credit_id":"[^"]*","order":([0-9]*)}</expression>
			</RegExp>
			<RegExp input="$$1" output="\1" dest="1">
				<expression clear="yes">({"air_date":(?:"[^"]*"|null),"episode_number":$$11,.*?vote_count":(?:[^\}]*|nul))</expression>
			</RegExp>
			<RegExp input="$$1" output="\1" dest="7">
				<expression clear="yes" noclean="1">"guest_stars":\[([^\]]+)\]</expression>
			</RegExp>
			<RegExp input="$$7" output="&lt;actor&gt;&lt;name&gt;\3&lt;/name&gt;&lt;role&gt;\2&lt;/role&gt;&lt;order&gt;\1&lt;/order&gt;&lt;thumb&gt;$$20original\4&lt;/thumb&gt;&lt;/actor&gt;" dest="5">
				<expression repeat="yes" fixchars="1,2">"credit_id":"[^"]*","order":([0-9]*),"character":"((?:[^"]|(?&lt;=\\)")*)","adult"[^"]*"gender"[^"]*"id[^"]*"[^"]*"known_for_department"[^"]*"Acting","name":"([^"]*)","original_name":"[^"]*","popularity":[^"]*"profile_path":"([^"]*)"</expression>
			</RegExp>
			<RegExp input="$$7" output="&lt;actor&gt;&lt;name&gt;\3&lt;/name&gt;&lt;role&gt;\1&lt;/role&gt;&lt;order&gt;\2&lt;/order&gt;&lt;thumb&gt;$$20original\4&lt;/thumb&gt;&lt;/actor&gt;" dest="5+">
				<expression repeat="yes" fixchars="1,2">"character":"((?:[^"]|(?&lt;=\\)")*)","credit_id":"[^"]*","order":([0-9]*),"adult"[^"]*"gender"[^"]*"id[^"]*"[^"]*"known_for_department"[^"]*"Acting","name":"([^"]*)","original_name":"[^"]*","popularity":[^"]*"profile_path":"([^"]*)"</expression>
			</RegExp>
			<RegExp input="$$7" output="&lt;actor&gt;&lt;name&gt;\3&lt;/name&gt;&lt;role&gt;\2&lt;/role&gt;&lt;order&gt;\1&lt;/order&gt;&lt;/actor&gt;" dest="5+">
				<expression repeat="yes" fixchars="1,2">"credit_id":"[^"]*","order":([0-9]*),"character":"((?:[^"]|(?&lt;=\\)")*)","adult"[^"]*"gender"[^"]*"id[^"]*"[^"]*"known_for_department"[^"]*"Acting","name":"([^"]*)","original_name":"[^"]*","popularity":[^"]*"profile_path":null</expression>
			</RegExp>
			<RegExp input="$$7" output="&lt;actor&gt;&lt;name&gt;\3&lt;/name&gt;&lt;role&gt;\1&lt;/role&gt;&lt;order&gt;\2&lt;/order&gt;&lt;/actor&gt;" dest="5+">
				<expression repeat="yes" fixchars="1,2">character":"((?:[^"]|(?&lt;=\\)")*)","credit_id":"[^"]*","order":([0-9]*),"adult"[^"]*"gender"[^"]*"id[^"]*"[^"]*"known_for_department"[^"]*"Acting","name":"([^"]*)","original_name":"[^"]*","popularity":[^"]*"profile_path":null</expression>
			</RegExp>
			<expression noclean="1" />
		</RegExp>
	</ParseCast>

	<GetEpisodeExtraDetails dest="3" clearbuffers="no">
		<RegExp input="$$5" output="&lt;details&gt;\1&lt;/details&gt;" dest="3">
			<RegExp input="$$1" output="&lt;url cache=&quot;tmdb-\1-$INFO[language]-season-\2.json&quot; function=&quot;ParseEpisodeExtrasList&quot;&gt;https://api.tmdb.org/3/tv/\1/season/\2?api_key=6a5be4999abf74eba1f9a8311294c267&amp;amp;language=$INFO[language]&amp;amp;append_to_response=images&amp;amp;include_image_language=$INFO[language],en,null&lt;/url&gt;" dest="5">
				<RegExp input="$$1" output="\1" dest="11">
					<expression>^[0-9]+\|[0-9]+\|([0-9]+)\|[^|]+$</expression>
				</RegExp>
				<RegExp input="$$1" output="\1" dest="12">
					<expression>^[0-9]+\|([0-9]+)\|[0-9]+\|[^|]+$</expression>
				</RegExp>
				<RegExp input="$$1" output="\1" dest="13">
					<expression>^([0-9]+)\|[0-9]+\|[0-9]+\|[^|]+$</expression>
				</RegExp>
				<RegExp input="$$1" output="\1" dest="14">
					<expression>^[0-9]+\|[0-9]+\|[0-9]+\|([^|]+)$</expression>
				</RegExp>
				<expression>^([0-9]+)\|([0-9]+)\|[0-9]+\|[^|]+$</expression>
			</RegExp>
			<expression noclean="1" />
		</RegExp>
	</GetEpisodeExtraDetails>
	<ParseEpisodeExtrasList dest="4" clearbuffers="no">
		<RegExp input="$$5" output="&lt;details&gt;\1&lt;/details&gt;" dest="4">
			<RegExp input="$$11" output="\1" dest="6">
				<expression clear="yes">^(\d*)\d$</expression>
			</RegExp>
			<RegExp input="$$1" output="episode/\1/images,episode/\1/external_ids," dest="7">
				<expression repeat="yes" clear="yes">"episode_number":($$6\d),</expression>
			</RegExp>
			<RegExp input="$$14" output="&lt;url function=&quot;ParseTMDBBaseImageURL&quot; cache=&quot;tmdb-config.json&quot;&gt;https://api.tmdb.org/3/configuration?api_key=6a5be4999abf74eba1f9a8311294c267&lt;/url&gt;" dest="5">
				<expression clear="yes">ParseEpisodeArt</expression>
			</RegExp>
			<RegExp input="$$7" output="&lt;url cache=&quot;tmdb-$$13-$INFO[language]-season-$$12-extra-$$6.json&quot; function=&quot;$$14&quot;&gt;https://api.tmdb.org/3/tv/$$13/season/$$12?api_key=6a5be4999abf74eba1f9a8311294c267&amp;amp;language=$INFO[language]&amp;amp;append_to_response=\1&amp;amp;include_image_language=$INFO[language],en,null&lt;/url&gt;" dest="5+">
				<expression>^(.+)$</expression>
			</RegExp>
			<expression noclean="1" />
		</RegExp>
	</ParseEpisodeExtrasList>

	<ParseEpisodeExternalIds dest="4">
		<RegExp input="$$5" output="&lt;details&gt;\1&lt;/details&gt;" dest="4">
			<RegExp input="$$1" output="\1" dest="6">
				<expression clear="yes">"episode/$$11/external_ids":{(.*?)}</expression>
			</RegExp>
			<RegExp input="$$6" output="&lt;uniqueid type=&quot;imdb&quot; default=&quot;false&quot;&gt;\1&lt;/uniqueid&gt;" dest="5">
				<expression clear="yes">"imdb_id":"(tt\d+)",</expression>
			</RegExp>
			<RegExp input="$$6" output="&lt;uniqueid type=&quot;tvdb&quot; default=&quot;false&quot;&gt;\1&lt;/uniqueid&gt;" dest="5+">
				<expression>"tvdb_id":(\d+),</expression>
			</RegExp>
			<RegExp input="$$6" output="&lt;uniqueid type=&quot;tvrage&quot; default=&quot;false&quot;&gt;\1&lt;/uniqueid&gt;" dest="5+">
				<expression>"tvrage_id":(\d+)</expression>
			</RegExp>
			<expression noclean="1" />
		</RegExp>
	</ParseEpisodeExternalIds>

	<ParseEpisodeIMDBRatingsById dest="4">
		<RegExp input="$$5" output="&lt;details&gt;\1&lt;/details&gt;" dest="4">
			<RegExp input="$$14|$INFO[RatingS]|default|$INFO[alsoimdb]" output="&lt;chain function=&quot;GetIMDBRatingsById&quot;&gt;$$14\1&lt;/chain&gt;" dest="5">
				<RegExp input="$$6" output="\1" dest="14">
					<RegExp input="$$1" output="\1" dest="6">
						<expression clear="yes">"episode/$$11/external_ids":{(.*?)}</expression>
					</RegExp>
					<expression clear="yes">"imdb_id":"(tt\d+)",</expression>
				</RegExp>
				<expression clear="yes">^tt\d+\|(?:IMDb(\|default)|.*true$)</expression>
			</RegExp>
			<expression noclean="1" />
		</RegExp>
	</ParseEpisodeIMDBRatingsById>

	<GetArt dest="3">
		<RegExp input="$$5" output="&lt;details&gt;\1&lt;/details&gt;" dest="3">
			<RegExp input="$$1" output="&lt;url function=&quot;ParseTMDBBaseImageURL&quot; cache=&quot;tmdb-config.json&quot;&gt;https://api.tmdb.org/3/configuration?api_key=6a5be4999abf74eba1f9a8311294c267&lt;/url&gt;" dest="5">
				<expression />
			</RegExp>
			<RegExp input="$$1" output="&lt;url cache=&quot;tmdb-\1-$INFO[language].json&quot; function=&quot;ParseArt&quot;&gt;https://api.tmdb.org/3/tv/\1?api_key=6a5be4999abf74eba1f9a8311294c267&amp;amp;language=$INFO[language]&amp;amp;append_to_response=content_ratings,credits,external_ids,images&amp;amp;include_image_language=$INFO[language],en,null&lt;/url&gt;" dest="5+">
				<expression />
			</RegExp>
			<expression noclean="1" />
		</RegExp>
	</GetArt>
	<ParseArt clearbuffers="no" dest="4">
		<RegExp input="$$5" output="&lt;details&gt;\1&lt;/details&gt;" dest="4">
			<RegExp conditional="tmdbart" input="$$1" output="\1" dest="7">
				<expression>"posters":\[([^\]]*)\]</expression>
			</RegExp>
			<RegExp input="$$7" output="&lt;thumb aspect=&quot;poster&quot;&gt;$$20original\1&lt;/thumb&gt;" dest="5">
				<expression clear="yes" repeat="yes">"height":[0-9]+,"iso_639_1":"$INFO[language]","file_path":"([^"]*)"</expression>
			</RegExp>
			<RegExp input="$$7" output="&lt;thumb aspect=&quot;poster&quot;&gt;$$20original\1&lt;/thumb&gt;" dest="5+">
				<expression repeat="yes">"height":[0-9]+,"iso_639_1":"en","file_path":"([^"]*)"</expression>
			</RegExp>
			<RegExp input="$$7" output="&lt;thumb aspect=&quot;poster&quot;&gt;$$20original\1&lt;/thumb&gt;" dest="5+">
				<expression repeat="yes">"height":[0-9]+,"iso_639_1":null,"file_path":"([^"]*)"</expression>
			</RegExp>
			<RegExp input="$$1" output="&lt;thumb aspect=&quot;poster&quot;&gt;$$20original\1&lt;/thumb&gt;" dest="5+">
				<expression>"poster_path":"([^"]*)","production_companies":</expression>
			</RegExp>

			<RegExp conditional="tmdbart" input="$$1" output="\1" dest="7">
				<expression>"logos":\[([^\]]*)\]</expression>
			</RegExp>
			<RegExp input="$$7" output="&lt;thumb aspect=&quot;clearlogo&quot;&gt;$$20original\1&lt;/thumb&gt;" dest="5+">
				<expression repeat="yes">"height":[0-9]+,"iso_639_1":.*?,"file_path":"([^"]*.png)"</expression>
			</RegExp>

			<RegExp conditional="tmdbart" input="$$8" output="&lt;fanart&gt;\1&lt;/fanart&gt;" dest="5+">
				<RegExp input="$$7" output="&lt;thumb preview=&quot;$$20w780\1&quot;&gt;$$20original\1&lt;/thumb&gt;" dest="8">
					<RegExp input="$$1" output="\1" dest="7">
						<expression>"backdrops":\[([^\]]*)\]</expression>
					</RegExp>
					<expression repeat="yes">"height":[0-9]+,"iso_639_1":.*?,"file_path":"([^"]*)"</expression>
				</RegExp>
				<expression noclean="1" />
			</RegExp>
			<RegExp input="$$1" output="\1" dest="8">
				<expression>"id":([0-9]+),"in_production"</expression>
			</RegExp>
			<RegExp input="$$1" output="&lt;chain function=&quot;GetSeasonArt&quot;&gt;$$8|\1&lt;/chain&gt;" dest="5+">
				<expression repeat="yes">"season_number":([0-9]+)</expression>
			</RegExp>
			<RegExp conditional="fanarttvart" input="$$1" output="&lt;chain function=&quot;GetFanartTvArt&quot;&gt;\1&lt;/chain&gt;" dest="5+">
				<expression>"tvdb_id":([0-9]+)</expression>
			</RegExp>
			<expression noclean="1" />
		</RegExp>
	</ParseArt>

	<GetSeasonArt clearbuffers="no" dest="3">
		<RegExp input="$$5" output="&lt;details&gt;\1&lt;/details&gt;" dest="3">
			<RegExp input="$$1" output="&lt;url function=&quot;ParseTMDBBaseImageURL&quot; cache=&quot;tmdb-config.json&quot;&gt;https://api.tmdb.org/3/configuration?api_key=6a5be4999abf74eba1f9a8311294c267&lt;/url&gt;" dest="5">
				<expression>^([0-9]+)\|</expression>
			</RegExp>
			<RegExp input="$$1" output="\1" dest="10">
				<expression>\|([0-9]+)$</expression>
			</RegExp>
			<RegExp input="$$1" output="&lt;url cache=&quot;tmdb-\1-$INFO[language]-season-\2.json&quot; function=&quot;ParseSeasonArt&quot;&gt;https://api.tmdb.org/3/tv/\1/season/\2?api_key=6a5be4999abf74eba1f9a8311294c267&amp;amp;language=$INFO[language]&amp;amp;append_to_response=credits,external_ids,images&amp;amp;include_image_language=$INFO[language],en,null&lt;/url&gt;" dest="5+">
				<expression>^([0-9]+)\|([0-9]+)$</expression>
			</RegExp>
			<expression noclean="1" />
		</RegExp>
	</GetSeasonArt>
	<ParseSeasonArt dest="4">
		<RegExp input="$$5" output="&lt;details&gt;\1&lt;/details&gt;" dest="4">
			<RegExp input="$$1" output="\1" dest="7">
				<expression clear="yes">"posters":\[([^\]]*)\]</expression>
			</RegExp>
			<RegExp input="$$7" output="&lt;thumb aspect=&quot;poster&quot; type=&quot;season&quot; season=&quot;$$10&quot;&gt;$$20original\1&lt;/thumb&gt;" dest="5">
				<expression clear="yes" repeat="yes">"height":[0-9]+,"iso_639_1":"$INFO[language]","file_path":"([^"]*)"</expression>
			</RegExp>
			<RegExp input="$$7" output="&lt;thumb aspect=&quot;poster&quot; type=&quot;season&quot; season=&quot;$$10&quot;&gt;$$20original\1&lt;/thumb&gt;" dest="5+">
				<expression repeat="yes">"height":[0-9]+,"iso_639_1":"en","file_path":"([^"]*)"</expression>
			</RegExp>
			<RegExp input="$$7" output="&lt;thumb aspect=&quot;poster&quot; type=&quot;season&quot; season=&quot;$$10&quot;&gt;$$20original\1&lt;/thumb&gt;" dest="5+">
				<expression repeat="yes">"height":[0-9]+,"iso_639_1":null,"file_path":"([^"]*)"</expression>
			</RegExp>
			<RegExp input="$$1" output="&lt;thumb aspect=&quot;poster&quot; type=&quot;season&quot; season=&quot;$$10&quot;&gt;$$20original\1&lt;/thumb&gt;" dest="5+">
				<expression>"poster_path":"([^"]*)","production_companies":</expression>
			</RegExp>
			<expression noclean="1" />
		</RegExp>
	</ParseSeasonArt>
	<ParseEpisodeArt dest="4">
		<RegExp input="$$5" output="&lt;details&gt;\1&lt;/details&gt;" dest="4">
			<RegExp input="$$7" output="&lt;thumb&gt;$$20original\1&lt;/thumb&gt;" dest="5">
				<RegExp input="$$6" output="\1" dest="7">
					<RegExp input="$$1" output="\1" dest="6">
						<expression clear="yes">"episode/$$11/images":(.*)</expression>
					</RegExp>
					<expression clear="yes">"stills":\[([^\]]*)\]</expression>
				</RegExp>
				<expression repeat="yes">"file_path":"([^"]*)"</expression>
			</RegExp>
			<expression noclean="1" />
		</RegExp>
	</ParseEpisodeArt>

	<GetFanartTvArt dest="3">
		<RegExp input="$$5" output="&lt;details&gt;\1&lt;/details&gt;" dest="3">
			<RegExp input="$$1" output="&lt;chain function=&quot;GetFanartTvTvShowPosterByIdChain&quot;&gt;\1::$INFO[language]&lt;/chain&gt;" dest="5">
				<expression />
			</RegExp>
			<RegExp input="$$1" output="&lt;chain function=&quot;GetFanartTvTvShowBannerByIdChain&quot;&gt;\1::$INFO[language]&lt;/chain&gt;" dest="5+">
				<expression />
			</RegExp>
			<RegExp input="$$1" output="&lt;chain function=&quot;GetFanartTvTvShowLandscapeByIdChain&quot;&gt;\1::$INFO[language]&lt;/chain&gt;" dest="5+">
				<expression />
			</RegExp>
			<RegExp input="$$1" output="&lt;chain function=&quot;GetFanartTvTvShowClearlogoByIdChain&quot;&gt;\1::$INFO[language]&lt;/chain&gt;" dest="5+">
				<expression />
			</RegExp>
			<RegExp input="$$1" output="&lt;chain function=&quot;GetFanartTvTvShowClearartByIdChain&quot;&gt;\1::$INFO[language]&lt;/chain&gt;" dest="5+">
				<expression />
			</RegExp>
			<RegExp input="$$1" output="&lt;chain function=&quot;GetFanartTvTvShowFanartByIdChain&quot;&gt;\1&lt;/chain&gt;" dest="5+">
				<expression />
			</RegExp>
			<RegExp input="$$1" output="&lt;chain function=&quot;GetFanartTvTvShowCharacterartByIdChain&quot;&gt;\1&lt;/chain&gt;" dest="5+">
				<expression />
			</RegExp>
			<RegExp input="$$1" output="&lt;chain function=&quot;GetFanartTvTvShowSeasonposterByIdChain&quot;&gt;\1::$INFO[language]&lt;/chain&gt;" dest="5+">
				<expression />
			</RegExp>
			<RegExp input="$$1" output="&lt;chain function=&quot;GetFanartTvTvShowSeasonbannerByIdChain&quot;&gt;\1::$INFO[language]&lt;/chain&gt;" dest="5+">
				<expression />
			</RegExp>
			<RegExp input="$$1" output="&lt;chain function=&quot;GetFanartTvTvShowSeasonLandscapeByIdChain&quot;&gt;\1::$INFO[language]&lt;/chain&gt;" dest="5+">
				<expression />
			</RegExp>
			<expression noclean="1" />
		</RegExp>
	</GetFanartTvArt>

	<!-- metadata.common.imdb.com 3.2.7 -->
	<GetIMDBRatingsById dest="5" clearbuffers="no">
		<RegExp input="$$1" output="&lt;details&gt;&lt;url cache=&quot;\1-main.html&quot; function=&quot;ParseIMDBRatings&quot;&gt;https://www.imdb.com/title/\1/|accept-language=en-us&lt;/url&gt;&lt;/details&gt;" dest="5">
			<expression noclean="1">^(tt\d+)</expression>
		</RegExp>
		<RegExp input="$$1" output="default=&quot;true&quot;" dest="3">
			<expression clear="yes">\|default$</expression>
		</RegExp>
	</GetIMDBRatingsById>
	<ParseIMDBRatings dest="5">
		<RegExp input="$$2" output="&lt;details&gt;\1&lt;/details&gt;" dest="5">
			<RegExp input="$$1" output="&lt;ratings&gt;&lt;rating name=&quot;imdb&quot; $$3&gt;&lt;value&gt;\2&lt;/value&gt;&lt;votes&gt;\1&lt;/votes&gt;&lt;/rating&gt;&lt;/ratings&gt;" dest="2">
				<expression>&quot;ratingCount&quot;:([0-9,]+),*&quot;bestRating&quot;:[^&quot;]*&quot;worstRating&quot;:[^&quot;]*&quot;ratingValue&quot;:([0-9.]+)</expression>
			</RegExp>
			<RegExp input="$$1" output="&lt;ratings&gt;&lt;rating name=&quot;imdb&quot; $$3&gt;&lt;value&gt;\2&lt;/value&gt;&lt;votes&gt;\1&lt;/votes&gt;&lt;/rating&gt;&lt;/ratings&gt;" dest="2+">
				<expression>&quot;ratingCount&quot;:\s([0-9,]+),\s*&quot;bestRating&quot;:\s&quot;[^&quot;]*&quot;,\s*&quot;worstRating&quot;:\s&quot;[^&quot;]*&quot;,\s*&quot;ratingValue&quot;:\s&quot;([0-9.]+)</expression>
			</RegExp>
			<expression noclean="1" />
		</RegExp>
	</ParseIMDBRatings>

	<!-- metadata.common.fanart.tv 3.6.4 -->
	<GetFanartTvTvShowPosterByIdChain dest="4" clearbuffers="no">
		<RegExp input="$$5" output="&lt;details&gt;\1&lt;/details&gt;" dest="4">
			<RegExp input="$$1" output="\1" dest="18">
				<expression encode="1">.+::(.+)</expression>
			</RegExp>
			<RegExp input="$$1" output="&lt;url function=&quot;ParseFanartTvTvShowPoster&quot; cache=&quot;fanarttv-\1.json&quot;&gt;https://webservice.fanart.tv/v3/tv/\1?api_key=ed4b784f97227358b31ca4dd966a04f1&lt;/url&gt;" dest="5">
				<expression encode="1">(.+)::.+</expression>
			</RegExp>
			<expression noclean="1" />
		</RegExp>
	</GetFanartTvTvShowPosterByIdChain>
	<ParseFanartTvTvShowPoster dest="5" clearbuffers="no">
		<RegExp input="$$13" output="&lt;details&gt;\1&lt;/details&gt;" dest="5">
			<RegExp input="" output="" dest="13">
				<expression />
			</RegExp>
			<RegExp input="" output="" dest="16">
				<expression />
			</RegExp>
			<RegExp input="$$1" output="\1" dest="16">
				<expression noclean="1">&quot;tvposter&quot;:\s\[(.*?)\}\s*\]</expression>
			</RegExp>
			<RegExp input="$$16" output="&lt;thumb aspect=&quot;poster&quot; preview=&quot;https://\1/preview/\2&quot;&gt;https://\1/fanart/\2&lt;/thumb&gt;" dest="13+">
				<expression repeat="yes" noclean="1">&quot;id&quot;:\s&quot;\d*&quot;,\s*&quot;url&quot;:\s&quot;https?://([^/]*)/fanart/([^&quot;]*)&quot;,\s*&quot;lang&quot;:\s&quot;$$18&quot;</expression>
			</RegExp>
			<RegExp input="$$16" output="&lt;thumb aspect=&quot;poster&quot; preview=&quot;https://\1/preview/\2&quot;&gt;https://\1/fanart/\2&lt;/thumb&gt;" dest="13+">
				<expression repeat="yes" noclean="1">&quot;id&quot;:\s&quot;\d*&quot;,\s*&quot;url&quot;:\s&quot;https?://([^/]*)/fanart/([^&quot;]*)&quot;,\s*&quot;lang&quot;:\s&quot;en&quot;</expression>
			</RegExp>
			<RegExp input="$$16" output="&lt;thumb aspect=&quot;poster&quot; preview=&quot;https://\1/preview/\2&quot;&gt;https://\1/fanart/\2&lt;/thumb&gt;" dest="13+">
				<expression repeat="yes" noclean="1">&quot;id&quot;:\s&quot;\d*&quot;,\s*&quot;url&quot;:\s&quot;https?://([^/]*)/fanart/([^&quot;]*)&quot;,\s*&quot;lang&quot;:\s&quot;!$$18|!en&quot;</expression>
			</RegExp>
			<expression noclean="1" />
		</RegExp>
	</ParseFanartTvTvShowPoster>

	<GetFanartTvTvShowBannerByIdChain dest="4" clearbuffers="no">
		<RegExp input="$$5" output="&lt;details&gt;\1&lt;/details&gt;" dest="4">
			<RegExp input="$$1" output="\1" dest="18">
				<expression encode="1">.+::(.+)</expression>
			</RegExp>
			<RegExp input="$$1" output="&lt;url function=&quot;ParseFanartTvTvShowBanner&quot; cache=&quot;fanarttv-\1.json&quot;&gt;https://webservice.fanart.tv/v3/tv/\1?api_key=ed4b784f97227358b31ca4dd966a04f1&lt;/url&gt;" dest="5">
				<expression encode="1">(.+)::.+</expression>
			</RegExp>
			<expression noclean="1" />
		</RegExp>
	</GetFanartTvTvShowBannerByIdChain>
	<ParseFanartTvTvShowBanner dest="5" clearbuffers="no">
		<RegExp input="$$13" output="&lt;details&gt;\1&lt;/details&gt;" dest="5">
			<RegExp input="" output="" dest="13">
				<expression />
			</RegExp>
			<RegExp input="" output="" dest="16">
				<expression />
			</RegExp>
			<RegExp input="$$1" output="\1" dest="16">
				<expression noclean="1">&quot;tvbanner&quot;:\s\[(.*?)\}\s*\]</expression>
			</RegExp>
			<RegExp input="$$16" output="&lt;thumb aspect=&quot;banner&quot; preview=&quot;https://\1/preview/\2&quot;&gt;https://\1/fanart/\2&lt;/thumb&gt;" dest="13+">
				<expression repeat="yes" noclean="1">&quot;id&quot;:\s&quot;\d*&quot;,\s*&quot;url&quot;:\s&quot;https?://([^/]*)/fanart/([^&quot;]*)&quot;,\s*&quot;lang&quot;:\s&quot;$$18&quot;</expression>
			</RegExp>
			<RegExp input="$$16" output="&lt;thumb aspect=&quot;banner&quot; preview=&quot;https://\1/preview/\2&quot;&gt;https://\1/fanart/\2&lt;/thumb&gt;" dest="13+">
				<expression repeat="yes" noclean="1">&quot;id&quot;:\s&quot;\d*&quot;,\s*&quot;url&quot;:\s&quot;https?://([^/]*)/fanart/([^&quot;]*)&quot;,\s*&quot;lang&quot;:\s&quot;en&quot;</expression>
			</RegExp>
			<RegExp input="$$16" output="&lt;thumb aspect=&quot;banner&quot; preview=&quot;https://\1/preview/\2&quot;&gt;https://\1/fanart/\2&lt;/thumb&gt;" dest="13+">
				<expression repeat="yes" noclean="1">&quot;id&quot;:\s&quot;\d*&quot;,\s*&quot;url&quot;:\s&quot;https?://([^/]*)/fanart/([^&quot;]*)&quot;,\s*&quot;lang&quot;:\s&quot;!$$18|!en&quot;</expression>
			</RegExp>
			<expression noclean="1" />
		</RegExp>
	</ParseFanartTvTvShowBanner>

	<GetFanartTvTvShowLandscapeByIdChain dest="4" clearbuffers="no">
		<RegExp input="$$5" output="&lt;details&gt;\1&lt;/details&gt;" dest="4">
			<RegExp input="$$1" output="\1" dest="18">
				<expression encode="1">.+::(.+)</expression>
			</RegExp>
			<RegExp input="$$1" output="&lt;url function=&quot;ParseFanartTvTvShowLandscape&quot; cache=&quot;fanarttv-\1.json&quot;&gt;https://webservice.fanart.tv/v3/tv/\1?api_key=ed4b784f97227358b31ca4dd966a04f1&lt;/url&gt;" dest="5">
				<expression encode="1">(.+)::.+</expression>
			</RegExp>
			<expression noclean="1" />
		</RegExp>
	</GetFanartTvTvShowLandscapeByIdChain>
	<ParseFanartTvTvShowLandscape dest="5" clearbuffers="no">
		<RegExp input="$$13" output="&lt;details&gt;\1&lt;/details&gt;" dest="5">
			<RegExp input="" output="" dest="13">
				<expression />
			</RegExp>
			<RegExp input="" output="" dest="16">
				<expression />
			</RegExp>
			<RegExp input="$$1" output="\1" dest="16">
				<expression noclean="1">&quot;tvthumb&quot;:\s\[(.*?)\}\s*\]</expression>
			</RegExp>
			<RegExp input="$$16" output="&lt;thumb aspect=&quot;landscape&quot; preview=&quot;https://\1/preview/\2&quot;&gt;https://\1/fanart/\2&lt;/thumb&gt;" dest="13+">
				<expression repeat="yes" noclean="1">&quot;id&quot;:\s&quot;\d*&quot;,\s*&quot;url&quot;:\s&quot;https?://([^/]*)/fanart/([^&quot;]*)&quot;,\s*&quot;lang&quot;:\s&quot;$$18&quot;</expression>
			</RegExp>
			<RegExp input="$$16" output="&lt;thumb aspect=&quot;landscape&quot; preview=&quot;https://\1/preview/\2&quot;&gt;https://\1/fanart/\2&lt;/thumb&gt;" dest="13+">
				<expression repeat="yes" noclean="1">&quot;id&quot;:\s&quot;\d*&quot;,\s*&quot;url&quot;:\s&quot;https?://([^/]*)/fanart/([^&quot;]*)&quot;,\s*&quot;lang&quot;:\s&quot;en&quot;</expression>
			</RegExp>
			<RegExp input="$$16" output="&lt;thumb aspect=&quot;landscape&quot; preview=&quot;https://\1/preview/\2&quot;&gt;https://\1/fanart/\2&lt;/thumb&gt;" dest="13+">
				<expression repeat="yes" noclean="1">&quot;id&quot;:\s&quot;\d*&quot;,\s*&quot;url&quot;:\s&quot;https?://([^/]*)/fanart/([^&quot;]*)&quot;,\s*&quot;lang&quot;:\s&quot;!$$18|!en&quot;</expression>
			</RegExp>
			<expression noclean="1" />
		</RegExp>
	</ParseFanartTvTvShowLandscape>
	
	<GetFanartTvTvShowClearlogoByIdChain dest="4" clearbuffers="no">
		<RegExp input="$$5" output="&lt;details&gt;\1&lt;/details&gt;" dest="4">
			<RegExp input="$$1" output="\1" dest="18">
				<expression encode="1">.+::(.+)</expression>
			</RegExp>
			<RegExp input="$$1" output="&lt;url function=&quot;ParseFanartTvTvShowClearlogo&quot; cache=&quot;fanarttv-\1.json&quot;&gt;https://webservice.fanart.tv/v3/tv/\1?api_key=ed4b784f97227358b31ca4dd966a04f1&lt;/url&gt;" dest="5">
				<expression encode="1">(.+)::.+</expression>
			</RegExp>
			<expression noclean="1" />
		</RegExp>
	</GetFanartTvTvShowClearlogoByIdChain>
	<ParseFanartTvTvShowClearlogo dest="5" clearbuffers="no">
		<RegExp input="$$13" output="&lt;details&gt;\1&lt;/details&gt;" dest="5">
			<RegExp input="" output="" dest="13">
				<expression />
			</RegExp>
			<RegExp input="" output="" dest="16">
				<expression />
			</RegExp>
			<RegExp input="$$1" output="\1" dest="16">
				<expression noclean="1">&quot;hdtvlogo&quot;:\s\[(.*?)\}\s*\]</expression>
			</RegExp>
			<RegExp input="$$16" output="&lt;thumb aspect=&quot;clearlogo&quot; preview=&quot;https://\1/preview/\2&quot;&gt;https://\1/fanart/\2&lt;/thumb&gt;" dest="13+">
				<expression repeat="yes" noclean="1">&quot;id&quot;:\s&quot;\d*&quot;,\s*&quot;url&quot;:\s&quot;https?://([^/]*)/fanart/([^&quot;]*)&quot;,\s*&quot;lang&quot;:\s&quot;$$18&quot;</expression>
			</RegExp>
			<RegExp input="$$16" output="&lt;thumb aspect=&quot;clearlogo&quot; preview=&quot;https://\1/preview/\2&quot;&gt;https://\1/fanart/\2&lt;/thumb&gt;" dest="13+">
				<expression repeat="yes" noclean="1">&quot;id&quot;:\s&quot;\d*&quot;,\s*&quot;url&quot;:\s&quot;https?://([^/]*)/fanart/([^&quot;]*)&quot;,\s*&quot;lang&quot;:\s&quot;en&quot;</expression>
			</RegExp>
			<RegExp input="$$16" output="&lt;thumb aspect=&quot;clearlogo&quot; preview=&quot;https://\1/preview/\2&quot;&gt;https://\1/fanart/\2&lt;/thumb&gt;" dest="13+">
				<expression repeat="yes" noclean="1">&quot;id&quot;:\s&quot;\d*&quot;,\s*&quot;url&quot;:\s&quot;https?://([^/]*)/fanart/([^&quot;]*)&quot;,\s*&quot;lang&quot;:\s&quot;!$$18|!en&quot;</expression>
			</RegExp>
			<expression noclean="1" />
		</RegExp>
	</ParseFanartTvTvShowClearlogo>

	<GetFanartTvTvShowClearartByIdChain dest="4" clearbuffers="no">
		<RegExp input="$$5" output="&lt;details&gt;\1&lt;/details&gt;" dest="4">
			<RegExp input="$$1" output="\1" dest="18">
				<expression encode="1">.+::(.+)</expression>
			</RegExp>
			<RegExp input="$$1" output="&lt;url function=&quot;ParseFanartTvTvShowClearart&quot; cache=&quot;fanarttv-\1.json&quot;&gt;https://webservice.fanart.tv/v3/tv/\1?api_key=ed4b784f97227358b31ca4dd966a04f1&lt;/url&gt;" dest="5">
				<expression encode="1">(.+)::.+</expression>
			</RegExp>
			<expression noclean="1" />
		</RegExp>
	</GetFanartTvTvShowClearartByIdChain>
	<ParseFanartTvTvShowClearart dest="5" clearbuffers="no">
		<RegExp input="$$13" output="&lt;details&gt;\1&lt;/details&gt;" dest="5">
			<RegExp input="" output="" dest="13">
				<expression />
			</RegExp>
			<RegExp input="" output="" dest="16">
				<expression />
			</RegExp>
			<RegExp input="$$1" output="\1" dest="16">
				<expression noclean="1">&quot;hdclearart&quot;:\s\[(.*?)\}\s*\]</expression>
			</RegExp>
			<RegExp input="$$16" output="&lt;thumb aspect=&quot;clearart&quot; preview=&quot;https://\1/preview/\2&quot;&gt;https://\1/fanart/\2&lt;/thumb&gt;" dest="13+">
				<expression repeat="yes" noclean="1">&quot;id&quot;:\s&quot;\d*&quot;,\s*&quot;url&quot;:\s&quot;https?://([^/]*)/fanart/([^&quot;]*)&quot;,\s*&quot;lang&quot;:\s&quot;$$18&quot;</expression>
			</RegExp>
			<RegExp input="$$16" output="&lt;thumb aspect=&quot;clearart&quot; preview=&quot;https://\1/preview/\2&quot;&gt;https://\1/fanart/\2&lt;/thumb&gt;" dest="13+">
				<expression repeat="yes" noclean="1">&quot;id&quot;:\s&quot;\d*&quot;,\s*&quot;url&quot;:\s&quot;https?://([^/]*)/fanart/([^&quot;]*)&quot;,\s*&quot;lang&quot;:\s&quot;en&quot;</expression>
			</RegExp>
			<RegExp input="$$16" output="&lt;thumb aspect=&quot;clearart&quot; preview=&quot;https://\1/preview/\2&quot;&gt;https://\1/fanart/\2&lt;/thumb&gt;" dest="13+">
				<expression repeat="yes" noclean="1">&quot;id&quot;:\s&quot;\d*&quot;,\s*&quot;url&quot;:\s&quot;https?://([^/]*)/fanart/([^&quot;]*)&quot;,\s*&quot;lang&quot;:\s&quot;!$$18|!en&quot;</expression>
			</RegExp>
			<expression noclean="1" />
		</RegExp>
	</ParseFanartTvTvShowClearart>

	<GetFanartTvTvShowFanartByIdChain dest="4">
		<RegExp input="$$5" output="&lt;details&gt;\1&lt;/details&gt;" dest="4">
			<RegExp input="$$1" output="&lt;url function=&quot;ParseFanartTvTvShowFanart&quot; cache=&quot;fanarttv-\1.json&quot;&gt;https://webservice.fanart.tv/v3/tv/\1?api_key=ed4b784f97227358b31ca4dd966a04f1&lt;/url&gt;" dest="5">
				<expression />
			</RegExp>
			<expression noclean="1" />
		</RegExp>
	</GetFanartTvTvShowFanartByIdChain>
	<ParseFanartTvTvShowFanart dest="5">
		<RegExp input="$$13" output="&lt;details&gt;&lt;fanart&gt;\1&lt;/fanart&gt;&lt;/details&gt;" dest="5">
			<RegExp input="" output="" dest="13">
				<expression />
			</RegExp>
			<RegExp input="" output="" dest="16">
				<expression />
			</RegExp>
			<RegExp input="$$1" output="\1" dest="16">
				<expression noclean="1">&quot;showbackground&quot;:\s\[(.*?)\}\s*\]</expression>
			</RegExp>
			<RegExp input="$$16" output="&lt;thumb preview=&quot;https://\1/preview/\2&quot;&gt;https://\1/fanart/\2&lt;/thumb&gt;" dest="13+">
				<expression repeat="yes" noclean="1">&quot;id&quot;:\s&quot;\d*&quot;,\s*&quot;url&quot;:\s&quot;https?://([^/]*)/fanart/([^&quot;]*)</expression>
			</RegExp>
			<expression noclean="1" />
		</RegExp>
	</ParseFanartTvTvShowFanart>

	<GetFanartTvTvShowCharacterartByIdChain dest="4">
		<RegExp input="$$5" output="&lt;details&gt;\1&lt;/details&gt;" dest="4">
			<RegExp input="$$1" output="&lt;url function=&quot;ParseFanartTvTvShowCharacterart&quot; cache=&quot;fanarttv-\1.json&quot;&gt;https://webservice.fanart.tv/v3/tv/\1?api_key=ed4b784f97227358b31ca4dd966a04f1&lt;/url&gt;" dest="5">
				<expression />
			</RegExp>
			<expression noclean="1" />
		</RegExp>
	</GetFanartTvTvShowCharacterartByIdChain>
	<ParseFanartTvTvShowCharacterart dest="5">
		<RegExp input="$$13" output="&lt;details&gt;\1&lt;/details&gt;" dest="5">
			<RegExp input="" output="" dest="13">
				<expression />
			</RegExp>
			<RegExp input="" output="" dest="16">
				<expression />
			</RegExp>
			<RegExp input="$$1" output="\1" dest="16">
				<expression noclean="1">&quot;characterart&quot;:\s\[(.*?)\}\s*\]</expression>
			</RegExp>
			<RegExp input="$$16" output="&lt;thumb aspect=&quot;characterart&quot; preview=&quot;https://\1/preview/\2&quot;&gt;https://\1/fanart/\2&lt;/thumb&gt;" dest="13+">
				<expression repeat="yes" noclean="1">&quot;id&quot;:\s&quot;\d*&quot;,\s*&quot;url&quot;:\s&quot;https?://([^/]*)/fanart/([^&quot;]*)</expression>
			</RegExp>
			<expression noclean="1" />
		</RegExp>
	</ParseFanartTvTvShowCharacterart>

	<GetFanartTvTvShowSeasonposterByIdChain clearbuffers="no" dest="4">
		<RegExp input="$$5" output="&lt;details&gt;\1&lt;/details&gt;" dest="4">
			<RegExp input="$$1" output="\1" dest="18">
				<expression encode="1">.+::(.+)</expression>
			</RegExp>
			<RegExp input="$$1" output="&lt;url function=&quot;ParseFanartTvTvShowSeasonposter&quot; cache=&quot;fanarttv-\1.json&quot;&gt;https://webservice.fanart.tv/v3/tv/\1?api_key=ed4b784f97227358b31ca4dd966a04f1&lt;/url&gt;" dest="5">
				<expression encode="1">(.+)::.+</expression>
			</RegExp>
			<expression noclean="1" />
		</RegExp>
	</GetFanartTvTvShowSeasonposterByIdChain>
	<ParseFanartTvTvShowSeasonposter dest="5" clearbuffers="no">
		<RegExp input="$$13" output="&lt;details&gt;\1&lt;/details&gt;" dest="5">
			<RegExp input="" output="" dest="13">
				<expression />
			</RegExp>
			<RegExp input="" output="" dest="16">
				<expression />
			</RegExp>
			<RegExp input="$$1" output="\1" dest="16">
				<expression noclean="1">&quot;seasonposter&quot;:\s\[(.*?)\}\s*\]</expression>
			</RegExp>
			<RegExp input="$$16" output="&lt;thumb aspect=&quot;poster&quot; type=&quot;season&quot; season=&quot;\3&quot; preview=&quot;https://\1/preview/\2&quot;&gt;https://\1/fanart/\2&lt;/thumb&gt;" dest="13+">
				<expression repeat="yes" noclean="1">&quot;id&quot;:\s&quot;\d*&quot;,\s*&quot;url&quot;:\s&quot;https?://([^/]*)/fanart/([^&quot;]*)&quot;,\s*&quot;lang&quot;:\s&quot;$$18&quot;,\s*&quot;likes[^,]*,\s*&quot;season&quot;:\s&quot;([0-9,]+)</expression>
			</RegExp>
			<RegExp input="$$16" output="&lt;thumb aspect=&quot;poster&quot; type=&quot;season&quot; season=&quot;\3&quot; preview=&quot;https://\1/preview/\2&quot;&gt;https://\1/fanart/\2&lt;/thumb&gt;" dest="13+">
				<expression repeat="yes" noclean="1">&quot;id&quot;:\s&quot;\d*&quot;,\s*&quot;url&quot;:\s&quot;https?://([^/]*)/fanart/([^&quot;]*)&quot;,\s*&quot;lang&quot;:\s&quot;en&quot;,\s*&quot;likes[^,]*,\s*&quot;season&quot;:\s&quot;([0-9,]+)</expression>
			</RegExp>
			<RegExp input="$$16" output="&lt;thumb aspect=&quot;poster&quot; type=&quot;season&quot; season=&quot;\3&quot; preview=&quot;https://\1/preview/\2&quot;&gt;https://\1/fanart/\2&lt;/thumb&gt;" dest="13+">
				<expression repeat="yes" noclean="1">&quot;id&quot;:\s&quot;\d*&quot;,\s*&quot;url&quot;:\s&quot;https?://([^/]*)/fanart/([^&quot;]*)&quot;,\s*&quot;lang&quot;:\s&quot;!$$18|!en&quot;,\s*&quot;likes[^,]*,\s*&quot;season&quot;:\s&quot;([0-9,]+)</expression>
			</RegExp>
			<expression noclean="1" />
		</RegExp>
	</ParseFanartTvTvShowSeasonposter>

	<GetFanartTvTvShowSeasonbannerByIdChain clearbuffers="no" dest="4">
		<RegExp input="$$5" output="&lt;details&gt;\1&lt;/details&gt;" dest="4">
			<RegExp input="$$1" output="\1" dest="18">
				<expression encode="1">.+::(.+)</expression>
			</RegExp>
			<RegExp input="$$1" output="&lt;url function=&quot;ParseFanartTvTvShowSeasonbanner&quot; cache=&quot;fanarttv-\1.json&quot;&gt;https://webservice.fanart.tv/v3/tv/\1?api_key=ed4b784f97227358b31ca4dd966a04f1&lt;/url&gt;" dest="5">
				<expression encode="1">(.+)::.+</expression>
			</RegExp>
			<expression noclean="1" />
		</RegExp>
	</GetFanartTvTvShowSeasonbannerByIdChain>
	<ParseFanartTvTvShowSeasonbanner dest="5" clearbuffers="no">
		<RegExp input="$$13" output="&lt;details&gt;\1&lt;/details&gt;" dest="5">
			<RegExp input="" output="" dest="13">
				<expression />
			</RegExp>
			<RegExp input="" output="" dest="16">
				<expression />
			</RegExp>
			<RegExp input="$$1" output="\1" dest="16">
				<expression noclean="1">&quot;seasonbanner&quot;:\s\[(.*?)\}\s*\]</expression>
			</RegExp>
			<RegExp input="$$16" output="&lt;thumb aspect=&quot;banner&quot; type=&quot;season&quot; season=&quot;\3&quot; preview=&quot;https://\1/preview/\2&quot;&gt;https://\1/fanart/\2&lt;/thumb&gt;" dest="13+">
				<expression repeat="yes" noclean="1">&quot;id&quot;:\s&quot;\d*&quot;,\s*&quot;url&quot;:\s&quot;https?://([^/]*)/fanart/([^&quot;]*)&quot;,\s*&quot;lang&quot;:\s&quot;$$18&quot;,\s*&quot;likes[^,]*,\s*&quot;season&quot;:\s&quot;([0-9,]+)</expression>
			</RegExp>
			<RegExp input="$$16" output="&lt;thumb aspect=&quot;banner&quot; type=&quot;season&quot; season=&quot;\3&quot; preview=&quot;https://\1/preview/\2&quot;&gt;https://\1/fanart/\2&lt;/thumb&gt;" dest="13+">
				<expression repeat="yes" noclean="1">&quot;id&quot;:\s&quot;\d*&quot;,\s*&quot;url&quot;:\s&quot;https?://([^/]*)/fanart/([^&quot;]*)&quot;,\s*&quot;lang&quot;:\s&quot;en&quot;,\s*&quot;likes[^,]*,\s*&quot;season&quot;:\s&quot;([0-9,]+)</expression>
			</RegExp>
			<RegExp input="$$16" output="&lt;thumb aspect=&quot;banner&quot; type=&quot;season&quot; season=&quot;\3&quot; preview=&quot;https://\1/preview/\2&quot;&gt;https://\1/fanart/\2&lt;/thumb&gt;" dest="13+">
				<expression repeat="yes" noclean="1">&quot;id&quot;:\s&quot;\d*&quot;,\s*&quot;url&quot;:\s&quot;https?://([^/]*)/fanart/([^&quot;]*)&quot;,\s*&quot;lang&quot;:\s&quot;!$$18|!en&quot;,\s*&quot;likes[^,]*,\s*&quot;season&quot;:\s&quot;([0-9,]+)</expression>
			</RegExp>
			<expression noclean="1" />
		</RegExp>
	</ParseFanartTvTvShowSeasonbanner>

	<GetFanartTvTvShowSeasonLandscapeByIdChain clearbuffers="no" dest="4">
		<RegExp input="$$5" output="&lt;details&gt;\1&lt;/details&gt;" dest="4">
			<RegExp input="$$1" output="\1" dest="18">
				<expression encode="1">.+::(.+)</expression>
			</RegExp>
			<RegExp input="$$1" output="&lt;url function=&quot;ParseFanartTvTvShowSeasonLandscape&quot; cache=&quot;fanarttv-\1.json&quot;&gt;https://webservice.fanart.tv/v3/tv/\1?api_key=ed4b784f97227358b31ca4dd966a04f1&lt;/url&gt;" dest="5">
				<expression encode="1">(.+)::.+</expression>
			</RegExp>
			<expression noclean="1" />
		</RegExp>
	</GetFanartTvTvShowSeasonLandscapeByIdChain>
	<ParseFanartTvTvShowSeasonLandscape dest="5" clearbuffers="no">
		<RegExp input="$$13" output="&lt;details&gt;\1&lt;/details&gt;" dest="5">
			<RegExp input="" output="" dest="13">
				<expression />
			</RegExp>
			<RegExp input="" output="" dest="16">
				<expression />
			</RegExp>
			<RegExp input="$$1" output="\1" dest="16">
				<expression noclean="1">&quot;seasonthumb&quot;:\s\[(.*?)\}\s*\]</expression>
			</RegExp>
			<RegExp input="$$16" output="&lt;thumb aspect=&quot;landscape&quot; type=&quot;season&quot; season=&quot;\3&quot; preview=&quot;https://\1/preview/\2&quot;&gt;https://\1/fanart/\2&lt;/thumb&gt;" dest="13+">
				<expression repeat="yes" noclean="1">&quot;id&quot;:\s&quot;\d*&quot;,\s*&quot;url&quot;:\s&quot;https?://([^/]*)/fanart/([^&quot;]*)&quot;,\s*&quot;lang&quot;:\s&quot;$$18&quot;,\s*&quot;likes[^,]*,\s*&quot;season&quot;:\s&quot;([0-9,]+)</expression>
			</RegExp>
			<RegExp input="$$16" output="&lt;thumb aspect=&quot;landscape&quot; type=&quot;season&quot; season=&quot;\3&quot; preview=&quot;https://\1/preview/\2&quot;&gt;https://\1/fanart/\2&lt;/thumb&gt;" dest="13+">
				<expression repeat="yes" noclean="1">&quot;id&quot;:\s&quot;\d*&quot;,\s*&quot;url&quot;:\s&quot;https?://([^/]*)/fanart/([^&quot;]*)&quot;,\s*&quot;lang&quot;:\s&quot;en&quot;,\s*&quot;likes[^,]*,\s*&quot;season&quot;:\s&quot;([0-9,]+)</expression>
			</RegExp>
			<RegExp input="$$16" output="&lt;thumb aspect=&quot;landscape&quot; type=&quot;season&quot; season=&quot;\3&quot; preview=&quot;https://\1/preview/\2&quot;&gt;https://\1/fanart/\2&lt;/thumb&gt;" dest="13+">
				<expression repeat="yes" noclean="1">&quot;id&quot;:\s&quot;\d*&quot;,\s*&quot;url&quot;:\s&quot;https?://([^/]*)/fanart/([^&quot;]*)&quot;,\s*&quot;lang&quot;:\s&quot;!$$18|!en&quot;,\s*&quot;likes[^,]*,\s*&quot;season&quot;:\s&quot;([0-9,]+)</expression>
			</RegExp>
			<expression noclean="1" />
		</RegExp>
	</ParseFanartTvTvShowSeasonLandscape>
</scraper>