﻿<?xml version="1.0" encoding="UTF-8" standalone="yes"?>
<addon id="plugin.video.gittv" name="GitTV网络电视" version="1.0.1" provider-name="Timothy">
	<requires>
		<import addon="xbmc.python" version="3.0.0" />
	</requires>
	<extension point="xbmc.python.pluginsource" library="default.py">
		<provides>video</provides>
	</extension>
	<extension point="xbmc.addon.metadata">
		<news>v1.0.0 - Initial version</news>
		<assets>
			<icon>icon.png</icon>
		</assets>
		<summary lang="en">GitTV IPTV Plugin</summary>
		<summary lang="zh">GitTV网络电视插件</summary>
		<description lang="en">>This add-on is only for testing and communication. The content of the add-on is collected from internet. Do not trust any advertisement in the add-on and delete it in time after downloading.</description>
		<description lang="zh">本插件仅供测试交流，插件内容收集于网络，并非官方APP，请勿相信插件中任何广告，下载插件后请及时删除，不得用作其他用途。</description>
		<platform>all</platform>
	</extension>
</addon>