<?xml version="1.0" encoding="UTF-8"?>
<includes>
	<include name="View_503_Mosaic">
		<control type="group">
			<include>OpenClose_Right</include>
			<visible>Control.IsVisible(503)</visible>
			<include>Visible_Right</include>
			<centertop>50%</centertop>
			<left>-20</left>
			<right>0</right>
			<height>910</height>
			<animation effect="slide" end=",-10" time="0" condition="Container.Content(movies) | Container.Content(sets) | Container.Content(tvshows) | Container.Content(seasons) | Container.Content(musicvideos) | Container.Content(artists) | Container.Content(albums) | Container.Content(images) | Container.Content(videos)">Conditional</animation>
			<control type="panel" id="503">
				<width>100%</width>
				<height>950</height>
				<onup>9000</onup>
				<onright>503</onright>
				<onleft>503</onleft>
				<ondown>5199</ondown>
				<viewtype label="120445">icon</viewtype>
				<preloaditems>2</preloaditems>
				<pagecontrol>5199</pagecontrol>
				<orientation>horizontal</orientation>
				<scrolltime tween="cubic" easing="out">500</scrolltime>
				<visible>Container.Content(movies) | Container.Content(sets) | Container.Content(tvshows) | Container.Content(seasons) | Container.Content(episodes) | Container.Content(musicvideos) | Container.Content(artists) | Container.Content(actors) | Container.Content(albums) | Container.Content(images) | Container.Content(videos)</visible>
				<itemlayout height="180" width="280" condition="Container.Content(episodes) | Container.Content(musicvideos) | Container.Content(images) | Container.Content(videos)">
					<control type="image">
						<left>10</left>
						<top>10</top>
						<width>310</width>
						<height>210</height>
						<texture>dialogs/dialog-bg-nobo.png</texture>
						<bordertexture border="21">overlays/shadow.png</bordertexture>
						<bordersize>20</bordersize>
					</control>
					<control type="image">
						<left>10</left>
						<top>10</top>
						<width>310</width>
						<height>210</height>
						<texture fallback="DefaultNoPreview.png" background="true">$VAR[InfoWallThumbVar]</texture>
						<bordersize>20</bordersize>
						<aspectratio>scale</aspectratio>
					</control>
				</itemlayout>
				<focusedlayout height="180" width="280" condition="Container.Content(episodes) | Container.Content(musicvideos) | Container.Content(images) | Container.Content(videos)">
					<control type="group">
						<animation type="Focus" reversible="false">
							<effect type="zoom" end="100" time="75" tween="sine" easing="out" center="auto" />
						 </animation>
						<control type="image">
							<left>24</left>
							<top>24</top>
							<width>282</width>
							<height>182</height>
							<texture colordiffuse="button_focus">colors/grey.png</texture>
							<bordertexture border="21">overlays/shadow.png</bordertexture>
						</control>
						<control type="image">
							<left>10</left>
							<top>10</top>
							<width>310</width>
							<height>185</height>
							<texture fallback="DefaultNoPreview.png" background="true">$VAR[InfoWallThumbVar]</texture>
							<bordersize>20</bordersize>
							<aspectratio>scale</aspectratio>
						</control>
						<control type="label">
							<left>30</left>
							<top>180</top>
							<width>270</width>
							<height>20</height>
							<aligny>center</aligny>
							<label>$INFO[ListItem.Label]</label>
							<font>font20_title</font>
							<shadowcolor>text_shadow</shadowcolor>
							<scroll>true</scroll>
						</control>
					</control>
				</focusedlayout>
				<itemlayout height="300" width="300" condition="Container.Content(albums)">
					<control type="image">
						<left>10</left>
						<top>10</top>
						<width>330</width>
						<height>330</height>
						<texture>dialogs/dialog-bg-nobo.png</texture>
						<bordertexture border="21">overlays/shadow.png</bordertexture>
						<bordersize>20</bordersize>
					</control>
					<control type="image">
						<left>10</left>
						<top>10</top>
						<width>330</width>
						<height>330</height>
						<texture fallback="DefaultAudio.png" background="true">$VAR[InfoWallThumbVar]</texture>
						<bordersize>20</bordersize>
						<aspectratio>scale</aspectratio>
					</control>
				</itemlayout>
				<focusedlayout height="300" width="300" condition="Container.Content(albums)">
					<control type="group">
						<animation type="Focus" reversible="false">
							<effect type="zoom" end="100" time="75" tween="sine" easing="out" center="auto" />
						 </animation>
						<control type="image">
							<left>24</left>
							<top>24</top>
							<width>302</width>
							<height>302</height>
							<texture colordiffuse="button_focus">colors/grey.png</texture>
							<bordertexture border="21">overlays/shadow.png</bordertexture>
						</control>
						<control type="image">
							<left>10</left>
							<top>10</top>
							<width>330</width>
							<height>305</height>
							<texture fallback="DefaultAudio.png" background="true">$VAR[InfoWallThumbVar]</texture>
							<bordersize>20</bordersize>
							<aspectratio>scale</aspectratio>
						</control>
						<control type="label">
							<left>30</left>
							<top>300</top>
							<width>290</width>
							<height>20</height>
							<aligny>center</aligny>
							<label>$INFO[ListItem.Label]</label>
							<font>font20_title</font>
							<shadowcolor>text_shadow</shadowcolor>
							<scroll>true</scroll>
						</control>
					</control>
				</focusedlayout>
				<itemlayout height="300" width="210" condition="Container.Content(movies) | Container.Content(sets) | Container.Content(tvshows) | Container.Content(seasons)">
					<control type="image">
						<left>10</left>
						<top>10</top>
						<width>240</width>
						<height>330</height>
						<texture>dialogs/dialog-bg-nobo.png</texture>
						<bordertexture border="21">overlays/shadow.png</bordertexture>
						<bordersize>20</bordersize>
					</control>
					<control type="image">
						<left>10</left>
						<top>10</top>
						<width>240</width>
						<height>330</height>
						<texture fallback="DefaultVideo.png" background="true">$VAR[InfoWallThumbVar]</texture>
						<bordersize>20</bordersize>
						<aspectratio>keep</aspectratio>
						<visible>String.IsEmpty(ListItem.Art(poster))</visible>
					</control>
					<control type="image">
						<left>10</left>
						<top>10</top>
						<width>240</width>
						<height>330</height>
						<texture fallback="DefaultVideo.png" background="true">$VAR[InfoWallThumbVar]</texture>
						<bordersize>20</bordersize>
						<bordersize>20</bordersize>
						<aspectratio align="left">scale</aspectratio><!-- 海报居左 -->
						<visible>!String.IsEmpty(ListItem.Art(poster)) + String.IsEqual(Skin.String(poster_align),left)</visible>
					</control>
					<control type="image">
						<left>10</left>
						<top>10</top>
						<width>240</width>
						<height>330</height>
						<texture fallback="DefaultVideo.png" background="true">$VAR[InfoWallThumbVar]</texture>
						<bordersize>20</bordersize>
						<aspectratio align="center">scale</aspectratio><!-- 海报居中 -->
						<visible>!String.IsEmpty(ListItem.Art(poster)) + [String.IsEmpty(Skin.String(poster_align)) | String.IsEqual(Skin.String(poster_align),center)]</visible>
					</control>
					<control type="image">
						<left>10</left>
						<top>10</top>
						<width>240</width>
						<height>330</height>
						<texture fallback="DefaultVideo.png" background="true">$VAR[InfoWallThumbVar]</texture>
						<bordersize>20</bordersize>
						<aspectratio align="right">scale</aspectratio><!-- 海报居右 -->
						<visible>!String.IsEmpty(ListItem.Art(poster)) + String.IsEqual(Skin.String(poster_align),right)</visible>
					</control>
					<control type="image">
						<left>30</left>
						<top>250</top>
						<width>70</width>
						<height>70</height>
						<texture>overlays/overlay-bg.png</texture>
						<visible>ListItem.IsResumable | Listitem.IsCollection | ListItem.IsPlaying | Integer.IsGreater(ListItem.Playcount,0)</visible>
					</control>
					<control type="group">
						<visible>String.IsEqual(ListItem.DBtype,tvshow)</visible>
						<top>270</top>
						<control type="image">
							<left>30</left>
							<top>0</top>
							<width>200</width>
							<height>50</height>
							<texture colordiffuse="CCFFFFFF">overlays/overlayfade.png</texture>
							<visible>!String.IsEmpty(ListItem.Art(poster))</visible>
						</control>
						<control type="label">
							<left>0</left>
							<top>20</top>
							<width>189</width>
							<label>$INFO[ListItem.Property(WatchedEpisodes)]$INFO[ListItem.Property(TotalEpisodes), / ,]</label>
							<font>font20_title</font>
							<shadowcolor>text_shadow</shadowcolor>
							<align>right</align>
						</control>
						<control type="image">
							<left>199</left>
							<top>23</top>
							<width>24</width>
							<height>24</height>
							<texture>lists/played-total.png</texture>
						</control>
					</control>
					<control type="image">
						<left>30</left>
						<top>290</top>
						<width>28</width>
						<height>28</height>
						<texture>$VAR[WallWatchedIconVar]</texture>
					</control>
				</itemlayout>
				<focusedlayout height="300" width="210" condition="Container.Content(movies) | Container.Content(sets) | Container.Content(tvshows) | Container.Content(seasons)">
					<control type="group">
						<animation type="Focus" reversible="false">
							<effect type="zoom" end="100" time="75" tween="sine" easing="out" center="auto" />
						 </animation>
						<control type="image">
							<!--<left>27</left>
							<top>26</top>
							<width>207</width>
							<height>298</height>-->
							<left>24</left>
							<top>24</top>
							<width>213</width>
							<height>302</height>
							<texture colordiffuse="button_focus">colors/grey.png</texture>
							<bordertexture border="21">overlays/shadow.png</bordertexture>
						</control>
						<control type="image">
							<left>10</left>
							<top>10</top>
							<width>240</width>
							<height>165</height>
							<texture fallback="DefaultVideo.png" background="true">$VAR[MosaicThumbVar]</texture>
							<bordersize>20</bordersize>
							<aspectratio align="center">scale</aspectratio>
						</control>
						<control type="label">
							<left>30</left>
							<top>160</top>
							<width>200</width>
							<height>20</height>
							<aligny>center</aligny>
							<label>$INFO[ListItem.Label]</label>
							<font>font20_title</font>
							<shadowcolor>text_shadow</shadowcolor>
							<scroll>true</scroll>
						</control>
						<control type="group"><!-- 电影增加更多信息 -->
							<left>30</left>
							<width>200</width>
							<visible>!ListItem.IsCollection + !ListItem.IsFolder</visible>
							<control type="label">
								<top>186</top>
								<height>20</height>
								<aligny>center</aligny>
								<label>$LOCALIZE[563]: $INFO[ListItem.RatingAndVotes]</label>
								<font>font_flag</font>
								<shadowcolor>text_shadow</shadowcolor>
							</control>
							<control type="label">
								<top>210</top>
								<height>20</height>
								<aligny>center</aligny>
								<label>$LOCALIZE[515]: $INFO[ListItem.Genre]</label>
								<font>font_flag</font>
								<shadowcolor>text_shadow</shadowcolor>
							</control>
							<control type="label">
								<top>234</top>
								<height>20</height>
								<aligny>center</aligny>
								<label>$LOCALIZE[20339]: $INFO[ListItem.Director]</label>
								<font>font_flag</font>
								<shadowcolor>text_shadow</shadowcolor>
							</control>
							<control type="label">
								<top>258</top>
								<height>20</height>
								<aligny>center</aligny>
								<label>$LOCALIZE[20416]: $INFO[ListItem.Premiered]</label>
								<font>font_flag</font>
								<shadowcolor>text_shadow</shadowcolor>
							</control>
						</control>
						<control type="group"><!-- 剧集增加更多信息 -->
							<left>30</left>
							<width>200</width>
							<visible>ListItem.IsFolder + String.IsEqual(ListItem.DBtype,tvshow)</visible>
							<control type="label">
								<top>186</top>
								<height>20</height>
								<aligny>center</aligny>
								<label>$LOCALIZE[563]: $INFO[ListItem.RatingAndVotes]</label>
								<font>font_flag</font>
								<shadowcolor>text_shadow</shadowcolor>
							</control>
							<control type="label">
								<top>210</top>
								<height>20</height>
								<aligny>center</aligny>
								<label>$LOCALIZE[515]: $INFO[ListItem.Genre]</label>
								<font>font_flag</font>
								<shadowcolor>text_shadow</shadowcolor>
							</control>
							<control type="label">
								<top>234</top>
								<height>20</height>
								<aligny>center</aligny>
								<label>$LOCALIZE[20416]: $INFO[ListItem.Premiered]</label>
								<font>font_flag</font>
								<shadowcolor>text_shadow</shadowcolor>
							</control>
						</control>
						<!--<control type="image">
							<left>30</left>
							<top>250</top>
							<width>70</width>
							<height>70</height>
							<texture>overlays/overlay-bg.png</texture>
							<visible>ListItem.IsResumable | Listitem.IsCollection | ListItem.IsPlaying | Integer.IsGreater(ListItem.Playcount,0)</visible>
						</control>-->
						<control type="group">
							<visible>String.IsEqual(ListItem.DBtype,tvshow)</visible>
							<top>270</top>
							<!--<control type="image">
								<left>30</left>
								<top>0</top>
								<width>200</width>
								<height>50</height>
								<texture colordiffuse="CCFFFFFF">overlays/overlayfade.png</texture>
								<visible>!String.IsEmpty(ListItem.Art(poster))</visible>
							</control>-->
							<control type="label">
								<left>0</left>
								<top>20</top>
								<width>189</width>
								<label>$INFO[ListItem.Property(WatchedEpisodes)]$INFO[ListItem.Property(TotalEpisodes), / ,]</label>
								<font>font20_title</font>
								<shadowcolor>text_shadow</shadowcolor>
								<align>right</align>
							</control>
							<control type="image">
								<left>199</left>
								<top>23</top>
								<width>24</width>
								<height>24</height>
								<texture>lists/played-total.png</texture>
							</control>
						</control>
						<control type="image">
							<left>30</left>
							<top>290</top>
							<width>28</width>
							<height>28</height>
							<texture>$VAR[WallWatchedIconVar]</texture>
						</control>
					</control>
				</focusedlayout>
				<itemlayout height="300" width="210" condition="Container.Content(artists) | Container.Content(actors)"><!-- 演员/歌手 -->
					<control type="image">
						<left>10</left>
						<top>10</top>
						<width>240</width>
						<height>330</height>
						<texture>dialogs/dialog-bg-nobo.png</texture>
						<bordertexture border="21">overlays/shadow.png</bordertexture>
						<bordersize>20</bordersize>
					</control>
					<control type="image">
						<left>10</left>
						<top>10</top>
						<width>240</width>
						<height>330</height>
						<texture fallback="defaultuser.png" background="true">$VAR[InfoWallThumbVar]</texture>
						<bordersize>20</bordersize>
						<aspectratio>keep</aspectratio>
						<visible>ListItem.IsParentFolder</visible>
					</control>
					<control type="image">
						<left>10</left>
						<top>10</top>
						<width>240</width>
						<height>330</height>
						<texture fallback="defaultuser.png" background="true">$VAR[InfoWallThumbVar]</texture>
						<bordersize>20</bordersize>
						<aspectratio>scale</aspectratio>
						<visible>!ListItem.IsParentFolder</visible>
					</control>
				</itemlayout>
				<focusedlayout height="300" width="210" condition="Container.Content(artists) | Container.Content(actors)">
					<control type="group">
						<animation type="Focus" reversible="false">
							<effect type="zoom" end="100" time="75" tween="sine" easing="out" center="auto" />
						 </animation>
						<control type="image">
							<left>24</left>
							<top>24</top>
							<width>213</width>
							<height>302</height>
							<texture colordiffuse="button_focus">colors/grey.png</texture>
							<bordertexture border="21">overlays/shadow.png</bordertexture>
						</control>
						<control type="image">
							<left>10</left>
							<top>10</top>
							<width>240</width>
							<height>305</height>
							<texture fallback="defaultuser.png" background="true">$VAR[InfoWallThumbVar]</texture>
							<bordersize>20</bordersize>
							<aspectratio>keep</aspectratio>
							<visible>ListItem.IsParentFolder</visible>
						</control>
						<control type="image">
							<left>10</left>
							<top>10</top>
							<width>240</width>
							<height>305</height>
							<texture fallback="defaultuser.png" background="true">$VAR[InfoWallThumbVar]</texture>
							<bordersize>20</bordersize>
							<aspectratio>scale</aspectratio>
							<visible>!ListItem.IsParentFolder</visible>
						</control>
						<control type="label">
							<left>30</left>
							<top>300</top>
							<width>200</width>
							<height>20</height>
							<aligny>center</aligny>
							<label>$INFO[ListItem.Label]</label>
							<font>font20_title</font>
							<shadowcolor>text_shadow</shadowcolor>
							<scroll>true</scroll>
						</control>
					</control>
				</focusedlayout>
			</control>
		</control>
	</include>
</includes>